Workbook

Sheet Mode d'emploi
A1: Boutique de Maman : liste de départ
A3: Ce fichier sert à créer le compte de Maman avec tous ses articles, prix et stock déjà en place.
A4: Remplir uniquement les cases jaunes de l'onglet « Articles ».
A6: Colonne | B6: Quoi écrire
A7: Prix d'achat (F) | B7: Ce que Maman paie pour UNE pièce chez son fournisseur. Sert à calculer le bénéfice. Laisser vide si on ne sait pas, on pourra le mettre plus tard.
A8: Prix détail (F) | B8: Prix d'une pièce vendue au détail. Nombre entier, sans « F » ni espace. Les cases rouges n'ont pas encore de prix.
A9: Prix gros (F) | B9: Prix d'UNE pièce quand elle vend en gros. Laisser vide si elle ne vend pas cet article en gros.
A10: Stock de départ | B10: Nombre de pièces comptées en boutique le jour du démarrage. Vide = 0.
A11: Nouvel article | B11: Utiliser les lignes vides en bas de l'onglet : choisir la catégorie, écrire le nom, puis les prix.
A12: Supprimer | B12: Effacer toute la ligne (nom compris). Une ligne sans nom est ignorée.
A14: Exemple | B14: Mèches | Bella | 1800 | 2500 | 2150 | 6
A16: Articles dans la liste | B16: =COUNTA(Articles!B2:B357) -> 316
A17: Prix détail encore manquants | B17: =COUNTIFS(Articles!B2:B357,"<>",Articles!D2:D357,"") -> 43
A18: Prix d'achat encore manquants | B18: =COUNTIFS(Articles!B2:B357,"<>",Articles!C2:C357,"") -> 316
A19: Pièces en stock au total | B19: =SUM(Articles!F2:F357) -> 0
A20: Valeur du stock au prix détail (F) | B20: =SUMPRODUCT(Articles!D2:D357,Articles!F2:F357) -> 0
A21: Valeur du stock au prix d'achat (F) | B21: =SUMPRODUCT(Articles!C2:C357,Articles!F2:F357) -> 0
A23: Attention aux noms à vérifier | B23: Certains noms contiennent un prix ou un lot (ex. « Dallas grand 3/4400 »). Corrigez le nom si besoin et mettez le vrai prix dans les colonnes.

Sheet Articles
A1: Catégorie | B1: Désignation | C1: Prix d'achat (F) | D1: Prix détail (F) | E1: Prix gros (F) | F1: Stock de départ | G1: Remarque
A2: Mèches | B2: 4 flowers | D2: 1400 | G2: =IF(B2="","",IF(D2="","Prix détail manquant",IF(AND(E2<>"",E2>D2),"Prix gros plus cher que détail ?",IF(AND(C2<>"",C2>=D2),"Vendu à perte ?",IF(AND(C2<>"",E2<>"",C2>=E2),"Gros vendu à perte ?","")))))
A3: Mèches | B3: 4pcs | D3: 3000 | G3: =IF(B3="","",IF(D3="","Prix détail manquant",IF(AND(E3<>"",E3>D3),"Prix gros plus cher que détail ?",IF(AND(C3<>"",C3>=D3),"Vendu à perte ?",IF(AND(C3<>"",E3<>"",C3>=E3),"Gros vendu à perte ?","")))))
A4: Mèches | B4: 8 amies amaka | D4: 1500 | G4: =IF(B4="","",IF(D4="","Prix détail manquant",IF(AND(E4<>"",E4>D4),"Prix gros plus cher que détail ?",IF(AND(C4<>"",C4>=D4),"Vendu à perte ?",IF(AND(C4<>"",E4<>"",C4>=E4),"Gros vendu à perte ?","")))))
A5: Mèches | B5: Active | D5: 2200 | G5: =IF(B5="","",IF(D5="","Prix détail manquant",IF(AND(E5<>"",E5>D5),"Prix gros plus cher que détail ?",IF(AND(C5<>"",C5>=D5),"Vendu à perte ?",IF(AND(C5<>"",E5<>"",C5>=E5),"Gros vendu à perte ?","")))))
A6: Mèches | B6: Adorable | D6: 5000 | G6: =IF(B6="","",IF(D6="","Prix détail manquant",IF(AND(E6<>"",E6>D6),"Prix gros plus cher que détail ?",IF(AND(C6<>"",C6>=D6),"Vendu à perte ?",IF(AND(C6<>"",E6<>"",C6>=E6),"Gros vendu à perte ?","")))))
A7: Mèches | B7: Afro pondo grd | D7: 1335 | G7: =IF(B7="","",IF(D7="","Prix détail manquant",IF(AND(E7<>"",E7>D7),"Prix gros plus cher que détail ?",IF(AND(C7<>"",C7>=D7),"Vendu à perte ?",IF(AND(C7<>"",E7<>"",C7>=E7),"Gros vendu à perte ?","")))))
A8: Mèches | B8: Amanda | D8: 1670 | G8: =IF(B8="","",IF(D8="","Prix détail manquant",IF(AND(E8<>"",E8>D8),"Prix gros plus cher que détail ?",IF(AND(C8<>"",C8>=D8),"Vendu à perte ?",IF(AND(C8<>"",E8<>"",C8>=E8),"Gros vendu à perte ?","")))))
A9: Mèches | B9: ANI Spring | D9: 3500 | G9: =IF(B9="","",IF(D9="","Prix détail manquant",IF(AND(E9<>"",E9>D9),"Prix gros plus cher que détail ?",IF(AND(C9<>"",C9>=D9),"Vendu à perte ?",IF(AND(C9<>"",E9<>"",C9>=E9),"Gros vendu à perte ?","")))))
A10: Mèches | B10: Ari-C | D10: 3000 | G10: =IF(B10="","",IF(D10="","Prix détail manquant",IF(AND(E10<>"",E10>D10),"Prix gros plus cher que détail ?",IF(AND(C10<>"",C10>=D10),"Vendu à perte ?",IF(AND(C10<>"",E10<>"",C10>=E10),"Gros vendu à perte ?","")))))
A11: Mèches | B11: Bamba plus grand | D11: 4500 | G11: =IF(B11="","",IF(D11="","Prix détail manquant",IF(AND(E11<>"",E11>D11),"Prix gros plus cher que détail ?",IF(AND(C11<>"",C11>=D11),"Vendu à perte ?",IF(AND(C11<>"",E11<>"",C11>=E11),"Gros vendu à perte ?","")))))
A12: Mèches | B12: Bella | D12: 2500 | G12: =IF(B12="","",IF(D12="","Prix détail manquant",IF(AND(E12<>"",E12>D12),"Prix gros plus cher que détail ?",IF(AND(C12<>"",C12>=D12),"Vendu à perte ?",IF(AND(C12<>"",E12<>"",C12>=E12),"Gros vendu à perte ?","")))))
A13: Mèches | B13: Boho water culy | D13: 2000 | G13: =IF(B13="","",IF(D13="","Prix détail manquant",IF(AND(E13<>"",E13>D13),"Prix gros plus cher que détail ?",IF(AND(C13<>"",C13>=D13),"Vendu à perte ?",IF(AND(C13<>"",E13<>"",C13>=E13),"Gros vendu à perte ?","")))))
... A29: Mèches | B29: Cozy vert pt | D29: 1170 | G29: =IF(B29="","",IF(D29="","Prix détail manquant",IF(AND(E29<>"",E29>D29),"Prix gros plus cher que détail ?",IF(AND(C29<>"",C29>=D29),"Vendu à perte ?",IF(AND(C29<>"",E29<>"",C29>=E29),"Gros vendu à perte ?","")))))
A30: Mèches | B30: Cro chili locs | G30: =IF(B30="","",IF(D30="","Prix détail manquant",IF(AND(E30<>"",E30>D30),"Prix gros plus cher que détail ?",IF(AND(C30<>"",C30>=D30),"Vendu à perte ?",IF(AND(C30<>"",E30<>"",C30>=E30),"Gros vendu à perte ?",""))))) -> Prix détail manquant
A31: Mèches | B31: Cro elim | D31: 3500 | G31: =IF(B31="","",IF(D31="","Prix détail manquant",IF(AND(E31<>"",E31>D31),"Prix gros plus cher que détail ?",IF(AND(C31<>"",C31>=D31),"Vendu à perte ?",IF(AND(C31<>"",E31<>"",C31>=E31),"Gros vendu à perte ?","")))))
A32: Mèches | B32: Cro Full pock | D32: 3500 | G32: =IF(B32="","",IF(D32="","Prix détail manquant",IF(AND(E32<>"",E32>D32),"Prix gros plus cher que détail ?",IF(AND(C32<>"",C32>=D32),"Vendu à perte ?",IF(AND(C32<>"",E32<>"",C32>=E32),"Gros vendu à perte ?","")))))
A33: Mèches | B33: Cro gini | D33: 5000 | G33: =IF(B33="","",IF(D33="","Prix détail manquant",IF(AND(E33<>"",E33>D33),"Prix gros plus cher que détail ?",IF(AND(C33<>"",C33>=D33),"Vendu à perte ?",IF(AND(C33<>"",E33<>"",C33>=E33),"Gros vendu à perte ?","")))))
A34: Mèches | B34: Cro lulu | D34: 3500 | G34: =IF(B34="","",IF(D34="","Prix détail manquant",IF(AND(E34<>"",E34>D34),"Prix gros plus cher que détail ?",IF(AND(C34<>"",C34>=D34),"Vendu à perte ?",IF(AND(C34<>"",E34<>"",C34>=E34),"Gros vendu à perte ?","")))))
A35: Mèches | B35: Cro sultant | D35: 4000 | G35: =IF(B35="","",IF(D35="","Prix détail manquant",IF(AND(E35<>"",E35>D35),"Prix gros plus cher que détail ?",IF(AND(C35<>"",C35>=D35),"Vendu à perte ?",IF(AND(C35<>"",E35<>"",C35>=E35),"Gros vendu à perte ?","")))))
A36: Mèches | B36: Cro unique | D36: 3800 | G36: =IF(B36="","",IF(D36="","Prix détail manquant",IF(AND(E36<>"",E36>D36),"Prix gros plus cher que détail ?",IF(AND(C36<>"",C36>=D36),"Vendu à perte ?",IF(AND(C36<>"",E36<>"",C36>=E36),"Gros vendu à perte ?","")))))
A37: Mèches | B37: Cro vill dread | D37: 3000 | G37: =IF(B37="","",IF(D37="","Prix détail manquant",IF(AND(E37<>"",E37>D37),"Prix gros plus cher que détail ?",IF(AND(C37<>"",C37>=D37),"Vendu à perte ?",IF(AND(C37<>"",E37<>"",C37>=E37),"Gros vendu à perte ?","")))))
A38: Mèches | B38: Cro-baby | D38: 5000 | G38: =IF(B38="","",IF(D38="","Prix détail manquant",IF(AND(E38<>"",E38>D38),"Prix gros plus cher que détail ?",IF(AND(C38<>"",C38>=D38),"Vendu à perte ?",IF(AND(C38<>"",E38<>"",C38>=E38),"Gros vendu à perte ?","")))))
A39: Mèches | B39: Cro-meg | D39: 5000 | G39: =IF(B39="","",IF(D39="","Prix détail manquant",IF(AND(E39<>"",E39>D39),"Prix gros plus cher que détail ?",IF(AND(C39<>"",C39>=D39),"Vendu à perte ?",IF(AND(C39<>"",E39<>"",C39>=E39),"Gros vendu à perte ?","")))))
A40: Mèches | B40: Crochet Aviv churk | D40: 2500 | G40: =IF(B40="","",IF(D40="","Prix détail manquant",IF(AND(E40<>"",E40>D40),"Prix gros plus cher que détail ?",IF(AND(C40<>"",C40>=D40),"Vendu à perte ?",IF(AND(C40<>"",E40<>"",C40>=E40),"Gros vendu à perte ?","")))))
A41: Mèches | B41: Crochet culy twit braid | D41: 1800 | G41: =IF(B41="","",IF(D41="","Prix détail manquant",IF(AND(E41<>"",E41>D41),"Prix gros plus cher que détail ?",IF(AND(C41<>"",C41>=D41),"Vendu à perte ?",IF(AND(C41<>"",E41<>"",C41>=E41),"Gros vendu à perte ?","")))))
A42: Mèches | B42: Crochet Liz twist | D42: 4500 | G42: =IF(B42="","",IF(D42="","Prix détail manquant",IF(AND(E42<>"",E42>D42),"Prix gros plus cher que détail ?",IF(AND(C42<>"",C42>=D42),"Vendu à perte ?",IF(AND(C42<>"",E42<>"",C42>=E42),"Gros vendu à perte ?","")))))
A43: Mèches | B43: Crochet max locs | D43: 5000 | G43: =IF(B43="","",IF(D43="","Prix détail manquant",IF(AND(E43<>"",E43>D43),"Prix gros plus cher que détail ?",IF(AND(C43<>"",C43>=D43),"Vendu à perte ?",IF(AND(C43<>"",E43<>"",C43>=E43),"Gros vendu à perte ?","")))))
A44: Mèches | B44: Crochet pristine | G44: =IF(B44="","",IF(D44="","Prix détail manquant",IF(AND(E44<>"",E44>D44),"Prix gros plus cher que détail ?",IF(AND(C44<>"",C44>=D44),"Vendu à perte ?",IF(AND(C44<>"",E44<>"",C44>=E44),"Gros vendu à perte ?",""))))) -> Prix détail manquant
A45: Mèches | B45: Crochet shasha | D45: 3800 | G45: =IF(B45="","",IF(D45="","Prix détail manquant",IF(AND(E45<>"",E45>D45),"Prix gros plus cher que détail ?",IF(AND(C45<>"",C45>=D45),"Vendu à perte ?",IF(AND(C45<>"",E45<>"",C45>=E45),"Gros vendu à perte ?","")))))
A46: Mèches | B46: Croflout locs plus | D46: 4800 | G46: =IF(B46="","",IF(D46="","Prix détail manquant",IF(AND(E46<>"",E46>D46),"Prix gros plus cher que détail ?",IF(AND(C46<>"",C46>=D46),"Vendu à perte ?",IF(AND(C46<>"",E46<>"",C46>=E46),"Gros vendu à perte ?","")))))
A47: Mèches | B47: Cully boby | D47: 4000 | G47: =IF(B47="","",IF(D47="","Prix détail manquant",IF(AND(E47<>"",E47>D47),"Prix gros plus cher que détail ?",IF(AND(C47<>"",C47>=D47),"Vendu à perte ?",IF(AND(C47<>"",E47<>"",C47>=E47),"Gros vendu à perte ?","")))))
A48: Mèches | B48: Curly braid | D48: 3500 | G48: =IF(B48="","",IF(D48="","Prix détail manquant",IF(AND(E48<>"",E48>D48),"Prix gros plus cher que détail ?",IF(AND(C48<>"",C48>=D48),"Vendu à perte ?",IF(AND(C48<>"",E48<>"",C48>=E48),"Gros vendu à perte ?","")))))
A49: Mèches | B49: Dada locs | D49: 3500 | G49: =IF(B49="","",IF(D49="","Prix détail manquant",IF(AND(E49<>"",E49>D49),"Prix gros plus cher que détail ?",IF(AND(C49<>"",C49>=D49),"Vendu à perte ?",IF(AND(C49<>"",E49<>"",C49>=E49),"Gros vendu à perte ?","")))))
A50: Mèches | B50: Daniela sublime | D50: 1670 | G50: =IF(B50="","",IF(D50="","Prix détail manquant",IF(AND(E50<>"",E50>D50),"Prix gros plus cher que détail ?",IF(AND(C50<>"",C50>=D50),"Vendu à perte ?",IF(AND(C50<>"",E50<>"",C50>=E50),"Gros vendu à perte ?","")))))
A51: Mèches | B51: Daniella | D51: 1500 | G51: =IF(B51="","",IF(D51="","Prix détail manquant",IF(AND(E51<>"",E51>D51),"Prix gros plus cher que détail ?",IF(AND(C51<>"",C51>=D51),"Vendu à perte ?",IF(AND(C51<>"",E51<>"",C51>=E51),"Gros vendu à perte ?","")))))
A52: Mèches | B52: Daniellax2 | D52: 2000 | G52: =IF(B52="","",IF(D52="","Prix détail manquant",IF(AND(E52<>"",E52>D52),"Prix gros plus cher que détail ?",IF(AND(C52<>"",C52>=D52),"Vendu à perte ?",IF(AND(C52<>"",E52<>"",C52>=E52),"Gros vendu à perte ?","")))))
A53: Mèches | B53: Deep weave | D53: 2500 | G53: =IF(B53="","",IF(D53="","Prix détail manquant",IF(AND(E53<>"",E53>D53),"Prix gros plus cher que détail ?",IF(AND(C53<>"",C53>=D53),"Vendu à perte ?",IF(AND(C53<>"",E53<>"",C53>=E53),"Gros vendu à perte ?","")))))
A54: Mèches | B54: Dejava | D54: 1800 | G54: =IF(B54="","",IF(D54="","Prix détail manquant",IF(AND(E54<>"",E54>D54),"Prix gros plus cher que détail ?",IF(AND(C54<>"",C54>=D54),"Vendu à perte ?",IF(AND(C54<>"",E54<>"",C54>=E54),"Gros vendu à perte ?","")))))
A55: Mèches | B55: Deluxe | D55: 4000 | G55: =IF(B55="","",IF(D55="","Prix détail manquant",IF(AND(E55<>"",E55>D55),"Prix gros plus cher que détail ?",IF(AND(C55<>"",C55>=D55),"Vendu à perte ?",IF(AND(C55<>"",E55<>"",C55>=E55),"Gros vendu à perte ?","")))))
A56: Mèches | B56: Diva | D56: 3500 | G56: =IF(B56="","",IF(D56="","Prix détail manquant",IF(AND(E56<>"",E56>D56),"Prix gros plus cher que détail ?",IF(AND(C56<>"",C56>=D56),"Vendu à perte ?",IF(AND(C56<>"",E56<>"",C56>=E56),"Gros vendu à perte ?","")))))
... A97: Mèches | B97: Spring | D97: 3500 | G97: =IF(B97="","",IF(D97="","Prix détail manquant",IF(AND(E97<>"",E97>D97),"Prix gros plus cher que détail ?",IF(AND(C97<>"",C97>=D97),"Vendu à perte ?",IF(AND(C97<>"",E97<>"",C97>=E97),"Gros vendu à perte ?","")))))
A98: Mèches | B98: Sublime kinky | G98: =IF(B98="","",IF(D98="","Prix détail manquant",IF(AND(E98<>"",E98>D98),"Prix gros plus cher que détail ?",IF(AND(C98<>"",C98>=D98),"Vendu à perte ?",IF(AND(C98<>"",E98<>"",C98>=E98),"Gros vendu à perte ?",""))))) -> Prix détail manquant
A99: Mèches | B99: Super twist | D99: 4500 | G99: =IF(B99="","",IF(D99="","Prix détail manquant",IF(AND(E99<>"",E99>D99),"Prix gros plus cher que détail ?",IF(AND(C99<>"",C99>=D99),"Vendu à perte ?",IF(AND(C99<>"",E99<>"",C99>=E99),"Gros vendu à perte ?","")))))
A100: Mèches | B100: Super valentina | D100: 2500 | G100: =IF(B100="","",IF(D100="","Prix détail manquant",IF(AND(E100<>"",E100>D100),"Prix gros plus cher que détail ?",IF(AND(C100<>"",C100>=D100),"Vendu à perte ?",IF(AND(C100<>"",E100<>"",C100>=E100),"Gros vendu à perte ?","")))))
A101: Mèches | B101: Sénégalais OROBO | D101: 3000 | G101: =IF(B101="","",IF(D101="","Prix détail manquant",IF(AND(E101<>"",E101>D101),"Prix gros plus cher que détail ?",IF(AND(C101<>"",C101>=D101),"Vendu à perte ?",IF(AND(C101<>"",E101<>"",C101>=E101),"Gros vendu à perte ?","")))))
A102: Mèches | B102: TC Summber | D102: 4000 | G102: =IF(B102="","",IF(D102="","Prix détail manquant",IF(AND(E102<>"",E102>D102),"Prix gros plus cher que détail ?",IF(AND(C102<>"",C102>=D102),"Vendu à perte ?",IF(AND(C102<>"",E102<>"",C102>=E102),"Gros vendu à perte ?","")))))
A103: Mèches | B103: Versace | D103: 3000 | G103: =IF(B103="","",IF(D103="","Prix détail manquant",IF(AND(E103<>"",E103>D103),"Prix gros plus cher que détail ?",IF(AND(C103<>"",C103>=D103),"Vendu à perte ?",IF(AND(C103<>"",E103<>"",C103>=E103),"Gros vendu à perte ?","")))))
A104: Mèches | B104: Vivace | D104: 4500 | G104: =IF(B104="","",IF(D104="","Prix détail manquant",IF(AND(E104<>"",E104>D104),"Prix gros plus cher que détail ?",IF(AND(C104<>"",C104>=D104),"Vendu à perte ?",IF(AND(C104<>"",E104<>"",C104>=E104),"Gros vendu à perte ?","")))))
A105: Mèches | B105: Vogue cool | D105: 1600 | G105: =IF(B105="","",IF(D105="","Prix détail manquant",IF(AND(E105<>"",E105>D105),"Prix gros plus cher que détail ?",IF(AND(C105<>"",C105>=D105),"Vendu à perte ?",IF(AND(C105<>"",E105<>"",C105>=E105),"Gros vendu à perte ?","")))))
A106: Mèches | B106: Watermélon | D106: 3000 | G106: =IF(B106="","",IF(D106="","Prix détail manquant",IF(AND(E106<>"",E106>D106),"Prix gros plus cher que détail ?",IF(AND(C106<>"",C106>=D106),"Vendu à perte ?",IF(AND(C106<>"",E106<>"",C106>=E106),"Gros vendu à perte ?","")))))
A107: Mèches | B107: Wet wave | D107: 2000 | G107: =IF(B107="","",IF(D107="","Prix détail manquant",IF(AND(E107<>"",E107>D107),"Prix gros plus cher que détail ?",IF(AND(C107<>"",C107>=D107),"Vendu à perte ?",IF(AND(C107<>"",E107<>"",C107>=E107),"Gros vendu à perte ?","")))))
A108: Mèches | B108: Wolosso | D108: 1700 | G108: =IF(B108="","",IF(D108="","Prix détail manquant",IF(AND(E108<>"",E108>D108),"Prix gros plus cher que détail ?",IF(AND(C108<>"",C108>=D108),"Vendu à perte ?",IF(AND(C108<>"",E108<>"",C108>=E108),"Gros vendu à perte ?","")))))
A109: Mèches | B109: Wéve master | D109: 3600 | G109: =IF(B109="","",IF(D109="","Prix détail manquant",IF(AND(E109<>"",E109>D109),"Prix gros plus cher que détail ?",IF(AND(C109<>"",C109>=D109),"Vendu à perte ?",IF(AND(C109<>"",E109<>"",C109>=E109),"Gros vendu à perte ?","")))))
A110: Mèches | B110: X 3 locs | D110: 3500 | G110: =IF(B110="","",IF(D110="","Prix détail manquant",IF(AND(E110<>"",E110>D110),"Prix gros plus cher que détail ?",IF(AND(C110<>"",C110>=D110),"Vendu à perte ?",IF(AND(C110<>"",E110<>"",C110>=E110),"Gros vendu à perte ?","")))))
... A112: Mèches | B112: X pression kinky | D112: 1300 | G112: =IF(B112="","",IF(D112="","Prix détail manquant",IF(AND(E112<>"",E112>D112),"Prix gros plus cher que détail ?",IF(AND(C112<>"",C112>=D112),"Vendu à perte ?",IF(AND(C112<>"",E112<>"",C112>=E112),"Gros vendu à perte ?","")))))
A113: Mèches | B113: X-pression détail | G113: =IF(B113="","",IF(D113="","Prix détail manquant",IF(AND(E113<>"",E113>D113),"Prix gros plus cher que détail ?",IF(AND(C113<>"",C113>=D113),"Vendu à perte ?",IF(AND(C113<>"",E113<>"",C113>=E113),"Gros vendu à perte ?",""))))) -> Prix détail manquant
A114: Mèches | B114: Xpression curly | D114: 1350 | G114: =IF(B114="","",IF(D114="","Prix détail manquant",IF(AND(E114<>"",E114>D114),"Prix gros plus cher que détail ?",IF(AND(C114<>"",C114>=D114),"Vendu à perte ?",IF(AND(C114<>"",E114<>"",C114>=E114),"Gros vendu à perte ?","")))))
A115: Mèches | B115: Xpression grd | D115: 1400 | G115: =IF(B115="","",IF(D115="","Prix détail manquant",IF(AND(E115<>"",E115>D115),"Prix gros plus cher que détail ?",IF(AND(C115<>"",C115>=D115),"Vendu à perte ?",IF(AND(C115<>"",E115<>"",C115>=E115),"Gros vendu à perte ?","")))))
A116: Mèches | B116: Xprestige | D116: 300 | G116: =IF(B116="","",IF(D116="","Prix détail manquant",IF(AND(E116<>"",E116>D116),"Prix gros plus cher que détail ?",IF(AND(C116<>"",C116>=D116),"Vendu à perte ?",IF(AND(C116<>"",E116<>"",C116>=E116),"Gros vendu à perte ?","")))))
A117: Produits | B117: Aiguille | D117: 170 | G117: =IF(B117="","",IF(D117="","Prix détail manquant",IF(AND(E117<>"",E117>D117),"Prix gros plus cher que détail ?",IF(AND(C117<>"",C117>=D117),"Vendu à perte ?",IF(AND(C117<>"",E117<>"",C117>=E117),"Gros vendu à perte ?","")))))
A118: Produits | B118: Apperl | D118: 335 | G118: =IF(B118="","",IF(D118="","Prix détail manquant",IF(AND(E118<>"",E118>D118),"Prix gros plus cher que détail ?",IF(AND(C118<>"",C118>=D118),"Vendu à perte ?",IF(AND(C118<>"",E118<>"",C118>=E118),"Gros vendu à perte ?","")))))
A119: Produits | B119: Avocado de 1800 | G119: =IF(B119="","",IF(D119="","Prix détail manquant",IF(AND(E119<>"",E119>D119),"Prix gros plus cher que détail ?",IF(AND(C119<>"",C119>=D119),"Vendu à perte ?",IF(AND(C119<>"",E119<>"",C119>=E119),"Gros vendu à perte ?",""))))) -> Prix détail manquant
A120: Produits | B120: Avocado grand 3 | D120: 1100 | G120: =IF(B120="","",IF(D120="","Prix détail manquant",IF(AND(E120<>"",E120>D120),"Prix gros plus cher que détail ?",IF(AND(C120<>"",C120>=D120),"Vendu à perte ?",IF(AND(C120<>"",E120<>"",C120>=E120),"Gros vendu à perte ?","")))))
A121: Produits | B121: Ballon de 1300 | D121: 1300 | G121: =IF(B121="","",IF(D121="","Prix détail manquant",IF(AND(E121<>"",E121>D121),"Prix gros plus cher que détail ?",IF(AND(C121<>"",C121>=D121),"Vendu à perte ?",IF(AND(C121<>"",E121<>"",C121>=E121),"Gros vendu à perte ?","")))))
A122: Produits | B122: Bande cheveux petit | D122: 300 | G122: =IF(B122="","",IF(D122="","Prix détail manquant",IF(AND(E122<>"",E122>D122),"Prix gros plus cher que détail ?",IF(AND(C122<>"",C122>=D122),"Vendu à perte ?",IF(AND(C122<>"",E122<>"",C122>=E122),"Gros vendu à perte ?","")))))
A123: Produits | B123: Bande chouchou | D123: 500 | G123: =IF(B123="","",IF(D123="","Prix détail manquant",IF(AND(E123<>"",E123>D123),"Prix gros plus cher que détail ?",IF(AND(C123<>"",C123>=D123),"Vendu à perte ?",IF(AND(C123<>"",E123<>"",C123>=E123),"Gros vendu à perte ?","")))))
A124: Produits | B124: Bande grand | D124: 500 | G124: =IF(B124="","",IF(D124="","Prix détail manquant",IF(AND(E124<>"",E124>D124),"Prix gros plus cher que détail ?",IF(AND(C124<>"",C124>=D124),"Vendu à perte ?",IF(AND(C124<>"",E124<>"",C124>=E124),"Gros vendu à perte ?","")))))
A125: Produits | B125: Bande noir | D125: 300 | G125: =IF(B125="","",IF(D125="","Prix détail manquant",IF(AND(E125<>"",E125>D125),"Prix gros plus cher que détail ?",IF(AND(C125<>"",C125>=D125),"Vendu à perte ?",IF(AND(C125<>"",E125<>"",C125>=E125),"Gros vendu à perte ?","")))))
A126: Produits | B126: Bande à fleur | D126: 500 | G126: =IF(B126="","",IF(D126="","Prix détail manquant",IF(AND(E126<>"",E126>D126),"Prix gros plus cher que détail ?",IF(AND(C126<>"",C126>=D126),"Vendu à perte ?",IF(AND(C126<>"",E126<>"",C126>=E126),"Gros vendu à perte ?","")))))
A127: Produits | B127: Barrette blanc | D127: 335 | G127: =IF(B127="","",IF(D127="","Prix détail manquant",IF(AND(E127<>"",E127>D127),"Prix gros plus cher que détail ?",IF(AND(C127<>"",C127>=D127),"Vendu à perte ?",IF(AND(C127<>"",E127<>"",C127>=E127),"Gros vendu à perte ?","")))))
A128: Produits | B128: Barrette blanc grand | D128: 400 | G128: =IF(B128="","",IF(D128="","Prix détail manquant",IF(AND(E128<>"",E128>D128),"Prix gros plus cher que détail ?",IF(AND(C128<>"",C128>=D128),"Vendu à perte ?",IF(AND(C128<>"",E128<>"",C128>=E128),"Gros vendu à perte ?","")))))
A129: Produits | B129: Barrette enfant | D129: 170 | G129: =IF(B129="","",IF(D129="","Prix détail manquant",IF(AND(E129<>"",E129>D129),"Prix gros plus cher que détail ?",IF(AND(C129<>"",C129>=D129),"Vendu à perte ?",IF(AND(C129<>"",E129<>"",C129>=E129),"Gros vendu à perte ?","")))))
A130: Produits | B130: Barrette grand | D130: 150 | G130: =IF(B130="","",IF(D130="","Prix détail manquant",IF(AND(E130<>"",E130>D130),"Prix gros plus cher que détail ?",IF(AND(C130<>"",C130>=D130),"Vendu à perte ?",IF(AND(C130<>"",E130<>"",C130>=E130),"Gros vendu à perte ?","")))))
A131: Produits | B131: Barrette mariage | D131: 2000 | G131: =IF(B131="","",IF(D131="","Prix détail manquant",IF(AND(E131<>"",E131>D131),"Prix gros plus cher que détail ?",IF(AND(C131<>"",C131>=D131),"Vendu à perte ?",IF(AND(C131<>"",E131<>"",C131>=E131),"Gros vendu à perte ?","")))))
... A134: Produits | B134: Barrette piquet | D134: 85 | G134: =IF(B134="","",IF(D134="","Prix détail manquant",IF(AND(E134<>"",E134>D134),"Prix gros plus cher que détail ?",IF(AND(C134<>"",C134>=D134),"Vendu à perte ?",IF(AND(C134<>"",E134<>"",C134>=E134),"Gros vendu à perte ?","")))))
A135: Produits | B135: Barrette piquet grand | G135: =IF(B135="","",IF(D135="","Prix détail manquant",IF(AND(E135<>"",E135>D135),"Prix gros plus cher que détail ?",IF(AND(C135<>"",C135>=D135),"Vendu à perte ?",IF(AND(C135<>"",E135<>"",C135>=E135),"Gros vendu à perte ?",""))))) -> Prix détail manquant
A136: Produits | B136: Black Magic | D136: 500 | G136: =IF(B136="","",IF(D136="","Prix détail manquant",IF(AND(E136<>"",E136>D136),"Prix gros plus cher que détail ?",IF(AND(C136<>"",C136>=D136),"Vendu à perte ?",IF(AND(C136<>"",E136<>"",C136>=E136),"Gros vendu à perte ?","")))))
A137: Produits | B137: Bobine chiffon | D137: 1000 | G137: =IF(B137="","",IF(D137="","Prix détail manquant",IF(AND(E137<>"",E137>D137),"Prix gros plus cher que détail ?",IF(AND(C137<>"",C137>=D137),"Vendu à perte ?",IF(AND(C137<>"",E137<>"",C137>=E137),"Gros vendu à perte ?","")))))
A138: Produits | B138: Bobine grand | D138: 800 | G138: =IF(B138="","",IF(D138="","Prix détail manquant",IF(AND(E138<>"",E138>D138),"Prix gros plus cher que détail ?",IF(AND(C138<>"",C138>=D138),"Vendu à perte ?",IF(AND(C138<>"",E138<>"",C138>=E138),"Gros vendu à perte ?","")))))
A139: Produits | B139: Bobine petit | D139: 500 | G139: =IF(B139="","",IF(D139="","Prix détail manquant",IF(AND(E139<>"",E139>D139),"Prix gros plus cher que détail ?",IF(AND(C139<>"",C139>=D139),"Vendu à perte ?",IF(AND(C139<>"",E139<>"",C139>=E139),"Gros vendu à perte ?","")))))
A140: Produits | B140: Bobine plastique | D140: 1000 | G140: =IF(B140="","",IF(D140="","Prix détail manquant",IF(AND(E140<>"",E140>D140),"Prix gros plus cher que détail ?",IF(AND(C140<>"",C140>=D140),"Vendu à perte ?",IF(AND(C140<>"",E140<>"",C140>=E140),"Gros vendu à perte ?","")))))
A141: Produits | B141: Boucle en fer | D141: 170 | G141: =IF(B141="","",IF(D141="","Prix détail manquant",IF(AND(E141<>"",E141>D141),"Prix gros plus cher que détail ?",IF(AND(C141<>"",C141>=D141),"Vendu à perte ?",IF(AND(C141<>"",E141<>"",C141>=E141),"Gros vendu à perte ?","")))))
A142: Produits | B142: Bougie grand | D142: 170 | G142: =IF(B142="","",IF(D142="","Prix détail manquant",IF(AND(E142<>"",E142>D142),"Prix gros plus cher que détail ?",IF(AND(C142<>"",C142>=D142),"Vendu à perte ?",IF(AND(C142<>"",E142<>"",C142>=E142),"Gros vendu à perte ?","")))))
A143: Produits | B143: Bougie petit | D143: 85 | G143: =IF(B143="","",IF(D143="","Prix détail manquant",IF(AND(E143<>"",E143>D143),"Prix gros plus cher que détail ?",IF(AND(C143<>"",C143>=D143),"Vendu à perte ?",IF(AND(C143<>"",E143<>"",C143>=E143),"Gros vendu à perte ?","")))))
A144: Produits | B144: Boîte de produit | D144: 1000 | G144: =IF(B144="","",IF(D144="","Prix détail manquant",IF(AND(E144<>"",E144>D144),"Prix gros plus cher que détail ?",IF(AND(C144<>"",C144>=D144),"Vendu à perte ?",IF(AND(C144<>"",E144<>"",C144>=E144),"Gros vendu à perte ?","")))))
A145: Produits | B145: Brosse grand | D145: 700 | G145: =IF(B145="","",IF(D145="","Prix détail manquant",IF(AND(E145<>"",E145>D145),"Prix gros plus cher que détail ?",IF(AND(C145<>"",C145>=D145),"Vendu à perte ?",IF(AND(C145<>"",E145<>"",C145>=E145),"Gros vendu à perte ?","")))))
A146: Produits | B146: Brosse moyen | D146: 600 | G146: =IF(B146="","",IF(D146="","Prix détail manquant",IF(AND(E146<>"",E146>D146),"Prix gros plus cher que détail ?",IF(AND(C146<>"",C146>=D146),"Vendu à perte ?",IF(AND(C146<>"",E146<>"",C146>=E146),"Gros vendu à perte ?","")))))
A147: Produits | B147: Brosse petit | D147: 100 | G147: =IF(B147="","",IF(D147="","Prix détail manquant",IF(AND(E147<>"",E147>D147),"Prix gros plus cher que détail ?",IF(AND(C147<>"",C147>=D147),"Vendu à perte ?",IF(AND(C147<>"",E147<>"",C147>=E147),"Gros vendu à perte ?","")))))
... A174: Produits | B174: Chouchou perle petit | D174: 85 | G174: =IF(B174="","",IF(D174="","Prix détail manquant",IF(AND(E174<>"",E174>D174),"Prix gros plus cher que détail ?",IF(AND(C174<>"",C174>=D174),"Vendu à perte ?",IF(AND(C174<>"",E174<>"",C174>=E174),"Gros vendu à perte ?","")))))
A175: Produits | B175: Chouchou pince | G175: =IF(B175="","",IF(D175="","Prix détail manquant",IF(AND(E175<>"",E175>D175),"Prix gros plus cher que détail ?",IF(AND(C175<>"",C175>=D175),"Vendu à perte ?",IF(AND(C175<>"",E175<>"",C175>=E175),"Gros vendu à perte ?",""))))) -> Prix détail manquant
A176: Produits | B176: Ciseau de 250 | D176: 250 | G176: =IF(B176="","",IF(D176="","Prix détail manquant",IF(AND(E176<>"",E176>D176),"Prix gros plus cher que détail ?",IF(AND(C176<>"",C176>=D176),"Vendu à perte ?",IF(AND(C176<>"",E176<>"",C176>=E176),"Gros vendu à perte ?","")))))
A177: Produits | B177: Ciseau de 400 | G177: =IF(B177="","",IF(D177="","Prix détail manquant",IF(AND(E177<>"",E177>D177),"Prix gros plus cher que détail ?",IF(AND(C177<>"",C177>=D177),"Vendu à perte ?",IF(AND(C177<>"",E177<>"",C177>=E177),"Gros vendu à perte ?",""))))) -> Prix détail manquant
A178: Produits | B178: Ciseau de 500 | D178: 500 | G178: =IF(B178="","",IF(D178="","Prix détail manquant",IF(AND(E178<>"",E178>D178),"Prix gros plus cher que détail ?",IF(AND(C178<>"",C178>=D178),"Vendu à perte ?",IF(AND(C178<>"",E178<>"",C178>=E178),"Gros vendu à perte ?","")))))
A179: Produits | B179: Closure petit de 2 rait | D179: 170 | G179: =IF(B179="","",IF(D179="","Prix détail manquant",IF(AND(E179<>"",E179>D179),"Prix gros plus cher que détail ?",IF(AND(C179<>"",C179>=D179),"Vendu à perte ?",IF(AND(C179<>"",E179<>"",C179>=E179),"Gros vendu à perte ?","")))))
A180: Produits | B180: Colle active | D180: 1000 | G180: =IF(B180="","",IF(D180="","Prix détail manquant",IF(AND(E180<>"",E180>D180),"Prix gros plus cher que détail ?",IF(AND(C180<>"",C180>=D180),"Vendu à perte ?",IF(AND(C180<>"",E180<>"",C180>=E180),"Gros vendu à perte ?","")))))
A181: Produits | B181: Colle frontale grand | D181: 1500 | G181: =IF(B181="","",IF(D181="","Prix détail manquant",IF(AND(E181<>"",E181>D181),"Prix gros plus cher que détail ?",IF(AND(C181<>"",C181>=D181),"Vendu à perte ?",IF(AND(C181<>"",E181<>"",C181>=E181),"Gros vendu à perte ?","")))))
A182: Produits | B182: Colle frontale petit | D182: 1300 | G182: =IF(B182="","",IF(D182="","Prix détail manquant",IF(AND(E182<>"",E182>D182),"Prix gros plus cher que détail ?",IF(AND(C182<>"",C182>=D182),"Vendu à perte ?",IF(AND(C182<>"",E182<>"",C182>=E182),"Gros vendu à perte ?","")))))
A183: Produits | B183: Colle petit 500/1350 | D183: 335 | G183: =IF(B183="","",IF(D183="","Prix détail manquant",IF(AND(E183<>"",E183>D183),"Prix gros plus cher que détail ?",IF(AND(C183<>"",C183>=D183),"Vendu à perte ?",IF(AND(C183<>"",E183<>"",C183>=E183),"Gros vendu à perte ?","")))))
A184: Produits | B184: Colle Ultra | G184: =IF(B184="","",IF(D184="","Prix détail manquant",IF(AND(E184<>"",E184>D184),"Prix gros plus cher que détail ?",IF(AND(C184<>"",C184>=D184),"Vendu à perte ?",IF(AND(C184<>"",E184<>"",C184>=E184),"Gros vendu à perte ?",""))))) -> Prix détail manquant
...
