Workbook

Sheet Mode d'emploi
A1: Import du stock PRODUITS — à compléter avec Maman
A3: Couleurs :
A4: JAUNE = à remplir : prix gros manquants (col. F) et PRIX DÉTAIL (col. Q, tous les articles).
A5: IMPORTANT : la colonne F contient le prix GROS d'une unité (et non le prix détail). Le prix détail est à demander à Maman (col. Q).
A6: ORANGE = chiffre raturé ou peu lisible sur la fiche : vérifier sur la vraie feuille et corriger les colonnes J à N.
A7: BLEU = article renommé ou ajouté.
A9: Règles appliquées : chiffre seul = unités ; 1 dz = 12 unités ; P = paquet, ct = carton (nombre d'unités à indiquer) ; « -3 » = 3 unités retirées ; « - » ou « = » = 0.
A10: La colonne O « STOCK FINAL » se calcule toute seule. Elle affiche « à compléter » tant qu'il manque le nombre d'unités d'un paquet ou d'un carton.
A12: Si Maman a vendu des articles depuis le jour du comptage, enlève-les du stock final (ou enregistre ces ventes dans l'app après l'import).
A14: Renommés : Barrette blanc grand → Barrette multicolor ; Like à sec Petit → Like argan ; Peigne complet → Perle de 4000 (4000 F) ; Piques → Pince grand ; Tam-tam overa → Tam-tam xblock ; Peigne afro petit → Peigne afro petit de 100 (100 F).
A15: Ajoutés : Perle de 3500, Peigne afro petit de 150, et les 24 articles écrits à la main (dont Fer à brosse et Coris attaché).
A16: Retirés (Action = Retirer) : « Colle Ultra », « Passion twist » et le Tam-tam xblock vide créé au 1er import. Les quantités peuvent avoir des décimales (ex. 12,5 : Maman vend certaines perles à la demi-unité).
A18: Résumé (se met à jour tout seul) :
A19: Lignes au total | B19: =COUNTA('Import produits'!D2:D229) -> 228
A20: Stock final calculé | B20: =COUNT('Import produits'!O2:O229) -> 228
A21: Stock final « à compléter » | B21: =COUNTIF('Import produits'!O2:O229,"à compléter") -> 0
A22: Lignes à vérifier (lecture incertaine) | B22: =COUNTIF('Import produits'!P2:P229,"*incertaine*") -> 0
A23: Prix gros manquants | B23: =COUNTBLANK('Import produits'!F2:F229) -> 5
A24: Prix détail à remplir | B24: =COUNTBLANK('Import produits'!Q2:Q229) -> 205

Sheet Import produits
A1: N° | B1: Action | C1: Nom actuel (app) | D1: Nom final | E1: Catégorie | F1: Prix GROS (F, 1 unité) | G1: Stock écrit | H1: Entrées écrites | I1: Retirés | J1: Unités (hors paquets/cartons) | K1: Nb paquets | L1: Unités dans 1 paquet | M1: Nb cartons | N1: Unités dans 1 carton | O1: STOCK FINAL (unités) | P1: À vérifier | Q1: Prix DÉTAIL (F, 1 unité) — à demander à Maman
A2: 1 | B2: Garder | C2: Aiguille | D2: Aiguille | E2: Produits | F2: 170 | G2: 87 | J2: 87 | O2: =IF(AND(J2="",K2="",M2=""),"",IF(OR(AND(N(K2)>0,L2=""),AND(N(M2)>0,N2="")),"à compléter",N(J2)+N(K2)*N(L2)+N(M2)*N(N2))) -> 87
A3: 2 | B3: Garder | C3: Apperl | D3: Apperl | E3: Produits | F3: 335 | G3: 16 | J3: 16 | O3: =IF(AND(J3="",K3="",M3=""),"",IF(OR(AND(N(K3)>0,L3=""),AND(N(M3)>0,N3="")),"à compléter",N(J3)+N(K3)*N(L3)+N(M3)*N(N3))) -> 16
A4: 3 | B4: Garder | C4: Avocado de 1800 | D4: Avocado de 1800 | E4: Produits | F4: 1800 | G4: - | J4: 0 | O4: =IF(AND(J4="",K4="",M4=""),"",IF(OR(AND(N(K4)>0,L4=""),AND(N(M4)>0,N4="")),"à compléter",N(J4)+N(K4)*N(L4)+N(M4)*N(N4))) -> 0
A5: 4 | B5: Garder | C5: Avocado grand 3 | D5: Avocado grand 3 | E5: Produits | F5: 1100 | G5: 27 | J5: 27 | O5: =IF(AND(J5="",K5="",M5=""),"",IF(OR(AND(N(K5)>0,L5=""),AND(N(M5)>0,N5="")),"à compléter",N(J5)+N(K5)*N(L5)+N(M5)*N(N5))) -> 27
A6: 5 | B6: Garder | C6: Ballon de 1300 | D6: Ballon de 1300 | E6: Produits | F6: 1300 | G6: 05 | J6: 5 | O6: =IF(AND(J6="",K6="",M6=""),"",IF(OR(AND(N(K6)>0,L6=""),AND(N(M6)>0,N6="")),"à compléter",N(J6)+N(K6)*N(L6)+N(M6)*N(N6))) -> 5
A7: 6 | B7: Garder | C7: Bande à fleur | D7: Bande à fleur | E7: Produits | F7: 500 | G7: 28 | J7: 28 | O7: =IF(AND(J7="",K7="",M7=""),"",IF(OR(AND(N(K7)>0,L7=""),AND(N(M7)>0,N7="")),"à compléter",N(J7)+N(K7)*N(L7)+N(M7)*N(N7))) -> 28
A8: 7 | B8: Garder | C8: Bande cheveux petit | D8: Bande cheveux petit | E8: Produits | F8: 300 | G8: 2 | J8: 2 | O8: =IF(AND(J8="",K8="",M8=""),"",IF(OR(AND(N(K8)>0,L8=""),AND(N(M8)>0,N8="")),"à compléter",N(J8)+N(K8)*N(L8)+N(M8)*N(N8))) -> 2
A9: 8 | B9: Garder | C9: Bande chouchou | D9: Bande chouchou | E9: Produits | F9: 500 | G9: 2 | J9: 2 | O9: =IF(AND(J9="",K9="",M9=""),"",IF(OR(AND(N(K9)>0,L9=""),AND(N(M9)>0,N9="")),"à compléter",N(J9)+N(K9)*N(L9)+N(M9)*N(N9))) -> 2
A10: 9 | B10: Garder | C10: Bande grand | D10: Bande grand | E10: Produits | F10: 500 | G10: 4 | J10: 4 | O10: =IF(AND(J10="",K10="",M10=""),"",IF(OR(AND(N(K10)>0,L10=""),AND(N(M10)>0,N10="")),"à compléter",N(J10)+N(K10)*N(L10)+N(M10)*N(N10))) -> 4
A11: 10 | B11: Garder | C11: Bande noir | D11: Bande noir | E11: Produits | F11: 300 | G11: 26 | J11: 26 | O11: =IF(AND(J11="",K11="",M11=""),"",IF(OR(AND(N(K11)>0,L11=""),AND(N(M11)>0,N11="")),"à compléter",N(J11)+N(K11)*N(L11)+N(M11)*N(N11))) -> 26
A12: 11 | B12: Garder | C12: Barrette blanc | D12: Barrette blanc | E12: Produits | F12: 335 | G12: 5dz6 | J12: 66 | O12: =IF(AND(J12="",K12="",M12=""),"",IF(OR(AND(N(K12)>0,L12=""),AND(N(M12)>0,N12="")),"à compléter",N(J12)+N(K12)*N(L12)+N(M12)*N(N12))) -> 66
A13: 12 | B13: Renommer | C13: Barrette blanc grand | D13: Barrette multicolor | E13: Produits | F13: 400 | G13: 1dz10 | J13: 22 | O13: =IF(AND(J13="",K13="",M13=""),"",IF(OR(AND(N(K13)>0,L13=""),AND(N(M13)>0,N13="")),"à compléter",N(J13)+N(K13)*N(L13)+N(M13)*N(N13))) -> 22
... A17: 16 | B17: Garder | C17: Barrette papillon | D17: Barrette papillon | E17: Produits | F17: 1500 | G17: 5dz | J17: 60 | O17: =IF(AND(J17="",K17="",M17=""),"",IF(OR(AND(N(K17)>0,L17=""),AND(N(M17)>0,N17="")),"à compléter",N(J17)+N(K17)*N(L17)+N(M17)*N(N17))) -> 60
A18: 17 | B18: Garder | C18: Barrette petit | D18: Barrette petit | E18: Produits | F18: 300 | G18: 07dz | H18: 40dz | J18: 564 | O18: =IF(AND(J18="",K18="",M18=""),"",IF(OR(AND(N(K18)>0,L18=""),AND(N(M18)>0,N18="")),"à compléter",N(J18)+N(K18)*N(L18)+N(M18)*N(N18))) -> 564
A19: 18 | B19: Garder | C19: Barrette piquet | D19: Barrette piquet | E19: Produits | F19: 85 | G19: 94 | J19: 94 | O19: =IF(AND(J19="",K19="",M19=""),"",IF(OR(AND(N(K19)>0,L19=""),AND(N(M19)>0,N19="")),"à compléter",N(J19)+N(K19)*N(L19)+N(M19)*N(N19))) -> 94
A20: 19 | B20: Garder | C20: Barrette piquet grand | D20: Barrette piquet grand | E20: Produits | F20: 150 | G20: 08 | J20: 8 | O20: =IF(AND(J20="",K20="",M20=""),"",IF(OR(AND(N(K20)>0,L20=""),AND(N(M20)>0,N20="")),"à compléter",N(J20)+N(K20)*N(L20)+N(M20)*N(N20))) -> 8
A21: 20 | B21: Garder | C21: Black Magic | D21: Black Magic | E21: Produits | F21: 500 | J21: 0 | O21: =IF(AND(J21="",K21="",M21=""),"",IF(OR(AND(N(K21)>0,L21=""),AND(N(M21)>0,N21="")),"à compléter",N(J21)+N(K21)*N(L21)+N(M21)*N(N21))) -> 0 | P21: Stock vide sur la fiche
A22: 21 | B22: Garder | C22: Bobine chiffon | D22: Bobine chiffon | E22: Produits | F22: 1000 | G22: 14 | J22: 14 | O22: =IF(AND(J22="",K22="",M22=""),"",IF(OR(AND(N(K22)>0,L22=""),AND(N(M22)>0,N22="")),"à compléter",N(J22)+N(K22)*N(L22)+N(M22)*N(N22))) -> 14
A23: 22 | B23: Garder | C23: Bobine grand | D23: Bobine grand | E23: Produits | F23: 800 | G23: 05 | H23: 24 | J23: 29 | O23: =IF(AND(J23="",K23="",M23=""),"",IF(OR(AND(N(K23)>0,L23=""),AND(N(M23)>0,N23="")),"à compléter",N(J23)+N(K23)*N(L23)+N(M23)*N(N23))) -> 29
A24: 23 | B24: Garder | C24: Bobine petit | D24: Bobine petit | E24: Produits | F24: 500 | G24: 14 | J24: 14 | O24: =IF(AND(J24="",K24="",M24=""),"",IF(OR(AND(N(K24)>0,L24=""),AND(N(M24)>0,N24="")),"à compléter",N(J24)+N(K24)*N(L24)+N(M24)*N(N24))) -> 14
A25: 24 | B25: Garder | C25: Bobine plastique | D25: Bobine plastique | E25: Produits | F25: 1000 | G25: 19 | J25: 19 | O25: =IF(AND(J25="",K25="",M25=""),"",IF(OR(AND(N(K25)>0,L25=""),AND(N(M25)>0,N25="")),"à compléter",N(J25)+N(K25)*N(L25)+N(M25)*N(N25))) -> 19
A26: 25 | B26: Garder | C26: Boîte de produit | D26: Boîte de produit | E26: Produits | F26: 1000 | G26: 16 | J26: 16 | O26: =IF(AND(J26="",K26="",M26=""),"",IF(OR(AND(N(K26)>0,L26=""),AND(N(M26)>0,N26="")),"à compléter",N(J26)+N(K26)*N(L26)+N(M26)*N(N26))) -> 16
A27: 26 | B27: Garder | C27: Boucle en fer | D27: Boucle en fer | E27: Produits | F27: 170 | G27: 4dz+5 | J27: 53 | O27: =IF(AND(J27="",K27="",M27=""),"",IF(OR(AND(N(K27)>0,L27=""),AND(N(M27)>0,N27="")),"à compléter",N(J27)+N(K27)*N(L27)+N(M27)*N(N27))) -> 53
A28: 27 | B28: Garder | C28: Bougie grand | D28: Bougie grand | E28: Produits | F28: 170 | G28: 60 | J28: 60 | O28: =IF(AND(J28="",K28="",M28=""),"",IF(OR(AND(N(K28)>0,L28=""),AND(N(M28)>0,N28="")),"à compléter",N(J28)+N(K28)*N(L28)+N(M28)*N(N28))) -> 60
A29: 28 | B29: Garder | C29: Bougie petit | D29: Bougie petit | E29: Produits | F29: 85 | G29: 64 | J29: 64 | O29: =IF(AND(J29="",K29="",M29=""),"",IF(OR(AND(N(K29)>0,L29=""),AND(N(M29)>0,N29="")),"à compléter",N(J29)+N(K29)*N(L29)+N(M29)*N(N29))) -> 64
A30: 29 | B30: Garder | C30: Brosse grand | D30: Brosse grand | E30: Produits | F30: 700 | G30: 20 | J30: 20 | O30: =IF(AND(J30="",K30="",M30=""),"",IF(OR(AND(N(K30)>0,L30=""),AND(N(M30)>0,N30="")),"à compléter",N(J30)+N(K30)*N(L30)+N(M30)*N(N30))) -> 20
A31: 30 | B31: Garder | C31: Brosse moyen | D31: Brosse moyen | E31: Produits | F31: 600 | G31: 30 | J31: 30 | O31: =IF(AND(J31="",K31="",M31=""),"",IF(OR(AND(N(K31)>0,L31=""),AND(N(M31)>0,N31="")),"à compléter",N(J31)+N(K31)*N(L31)+N(M31)*N(N31))) -> 30
A32: 31 | B32: Garder | C32: Brosse petit | D32: Brosse petit | E32: Produits | F32: 100 | G32: 32 | J32: 32 | O32: =IF(AND(J32="",K32="",M32=""),"",IF(OR(AND(N(K32)>0,L32=""),AND(N(M32)>0,N32="")),"à compléter",N(J32)+N(K32)*N(L32)+N(M32)*N(N32))) -> 32
A33: 32 | B33: Garder | C33: Brosse rond | D33: Brosse rond | E33: Produits | F33: 500 | G33: 07 | J33: 7 | O33: =IF(AND(J33="",K33="",M33=""),"",IF(OR(AND(N(K33)>0,L33=""),AND(N(M33)>0,N33="")),"à compléter",N(J33)+N(K33)*N(L33)+N(M33)*N(N33))) -> 7
A34: 33 | B34: Garder | C34: Brosse still | D34: Brosse still | E34: Produits | F34: 600 | G34: 14 | J34: 14 | O34: =IF(AND(J34="",K34="",M34=""),"",IF(OR(AND(N(K34)>0,L34=""),AND(N(M34)>0,N34="")),"à compléter",N(J34)+N(K34)*N(L34)+N(M34)*N(N34))) -> 14
A35: 34 | B35: Garder | C35: Cache visage | D35: Cache visage | E35: Produits | F35: 700 | G35: 12 | J35: 12 | O35: =IF(AND(J35="",K35="",M35=""),"",IF(OR(AND(N(K35)>0,L35=""),AND(N(M35)>0,N35="")),"à compléter",N(J35)+N(K35)*N(L35)+N(M35)*N(N35))) -> 12
... A38: 37 | B38: Garder | C38: Champoing tokpa grand | D38: Champoing tokpa grand | E38: Produits | F38: 400 | G38: 5dz8 | J38: 68 | O38: =IF(AND(J38="",K38="",M38=""),"",IF(OR(AND(N(K38)>0,L38=""),AND(N(M38)>0,N38="")),"à compléter",N(J38)+N(K38)*N(L38)+N(M38)*N(N38))) -> 68
A39: 38 | B39: Garder | C39: Champoing tokpa petit | D39: Champoing tokpa petit | E39: Produits | F39: 185 | G39: 71 | I39: -6 | J39: 65 | O39: =IF(AND(J39="",K39="",M39=""),"",IF(OR(AND(N(K39)>0,L39=""),AND(N(M39)>0,N39="")),"à compléter",N(J39)+N(K39)*N(L39)+N(M39)*N(N39))) -> 65
A40: 39 | B40: Garder | C40: Chapeau de bain | D40: Chapeau de bain | E40: Produits | F40: 170 | G40: 40 | J40: 40 | O40: =IF(AND(J40="",K40="",M40=""),"",IF(OR(AND(N(K40)>0,L40=""),AND(N(M40)>0,N40="")),"à compléter",N(J40)+N(K40)*N(L40)+N(M40)*N(N40))) -> 40
A41: 40 | B41: Garder | C41: Chapeau cheveux grand | D41: Chapeau cheveux grand | E41: Produits | F41: 800 | G41: 1 | J41: 1 | O41: =IF(AND(J41="",K41="",M41=""),"",IF(OR(AND(N(K41)>0,L41=""),AND(N(M41)>0,N41="")),"à compléter",N(J41)+N(K41)*N(L41)+N(M41)*N(N41))) -> 1
A42: 41 | B42: Garder | C42: Chapeau cheveux petit | D42: Chapeau cheveux petit | E42: Produits | F42: 500 | H42: 12 | J42: 12 | O42: =IF(AND(J42="",K42="",M42=""),"",IF(OR(AND(N(K42)>0,L42=""),AND(N(M42)>0,N42="")),"à compléter",N(J42)+N(K42)*N(L42)+N(M42)*N(N42))) -> 12
A43: 42 | B43: Garder | C43: Chapeau de nuit | D43: Chapeau de nuit | E43: Produits | F43: 500 | G43: 21 | J43: 21 | O43: =IF(AND(J43="",K43="",M43=""),"",IF(OR(AND(N(K43)>0,L43=""),AND(N(M43)>0,N43="")),"à compléter",N(J43)+N(K43)*N(L43)+N(M43)*N(N43))) -> 21
A44: 43 | B44: Garder | C44: Cheveux closure | D44: Cheveux closure | E44: Produits | F44: 2500 | G44: 08 | J44: 8 | O44: =IF(AND(J44="",K44="",M44=""),"",IF(OR(AND(N(K44)>0,L44=""),AND(N(M44)>0,N44="")),"à compléter",N(J44)+N(K44)*N(L44)+N(M44)*N(N44))) -> 8
A45: 44 | B45: Garder | C45: Chiffon coiffé petit | D45: Chiffon coiffé petit | E45: Produits | F45: 1000 | G45: 06 | J45: 6 | O45: =IF(AND(J45="",K45="",M45=""),"",IF(OR(AND(N(K45)>0,L45=""),AND(N(M45)>0,N45="")),"à compléter",N(J45)+N(K45)*N(L45)+N(M45)*N(N45))) -> 6
A46: 45 | B46: Garder | C46: Chiffon grand | D46: Chiffon grand | E46: Produits | F46: 1500 | G46: 04 | J46: 4 | O46: =IF(AND(J46="",K46="",M46=""),"",IF(OR(AND(N(K46)>0,L46=""),AND(N(M46)>0,N46="")),"à compléter",N(J46)+N(K46)*N(L46)+N(M46)*N(N46))) -> 4
A47: 46 | B47: Garder | C47: Chouchou baby | D47: Chouchou baby | E47: Produits | F47: 500 | G47: 07 | J47: 7 | O47: =IF(AND(J47="",K47="",M47=""),"",IF(OR(AND(N(K47)>0,L47=""),AND(N(M47)>0,N47="")),"à compléter",N(J47)+N(K47)*N(L47)+N(M47)*N(N47))) -> 7
A48: 47 | B48: Garder | C48: Chouchou bonbon | D48: Chouchou bonbon | E48: Produits | F48: 235 | G48: 29 | J48: 29 | O48: =IF(AND(J48="",K48="",M48=""),"",IF(OR(AND(N(K48)>0,L48=""),AND(N(M48)>0,N48="")),"à compléter",N(J48)+N(K48)*N(L48)+N(M48)*N(N48))) -> 29
A49: 48 | B49: Garder | C49: Chouchou boule grand | D49: Chouchou boule grand | E49: Produits | F49: 335 | G49: 04 | J49: 4 | O49: =IF(AND(J49="",K49="",M49=""),"",IF(OR(AND(N(K49)>0,L49=""),AND(N(M49)>0,N49="")),"à compléter",N(J49)+N(K49)*N(L49)+N(M49)*N(N49))) -> 4
A50: 49 | B50: Garder | C50: Chouchou boule petit | D50: Chouchou boule petit | E50: Produits | F50: 170 | G50: 02 | J50: 2 | O50: =IF(AND(J50="",K50="",M50=""),"",IF(OR(AND(N(K50)>0,L50=""),AND(N(M50)>0,N50="")),"à compléter",N(J50)+N(K50)*N(L50)+N(M50)*N(N50))) -> 2
A51: 50 | B51: Garder | C51: Chouchou de 100 (enfant) | D51: Chouchou de 100 (enfant) | E51: Produits | F51: 85 | G51: 05 | J51: 5 | O51: =IF(AND(J51="",K51="",M51=""),"",IF(OR(AND(N(K51)>0,L51=""),AND(N(M51)>0,N51="")),"à compléter",N(J51)+N(K51)*N(L51)+N(M51)*N(N51))) -> 5
A52: 51 | B52: Garder | C52: Chouchou de 150 | D52: Chouchou de 150 | E52: Produits | F52: 135 | G52: 5dz3 | J52: 63 | O52: =IF(AND(J52="",K52="",M52=""),"",IF(OR(AND(N(K52)>0,L52=""),AND(N(M52)>0,N52="")),"à compléter",N(J52)+N(K52)*N(L52)+N(M52)*N(N52))) -> 63
A53: 52 | B53: Garder | C53: Chouchou en 200f | D53: Chouchou en 200f | E53: Produits | F53: 170 | G53: 1dz2 | J53: 14 | O53: =IF(AND(J53="",K53="",M53=""),"",IF(OR(AND(N(K53)>0,L53=""),AND(N(M53)>0,N53="")),"à compléter",N(J53)+N(K53)*N(L53)+N(M53)*N(N53))) -> 14
A54: 53 | B54: Garder | C54: Chouchou fleur | D54: Chouchou fleur | E54: Produits | F54: 500 | G54: 03 | J54: 3 | O54: =IF(AND(J54="",K54="",M54=""),"",IF(OR(AND(N(K54)>0,L54=""),AND(N(M54)>0,N54="")),"à compléter",N(J54)+N(K54)*N(L54)+N(M54)*N(N54))) -> 3
... A68: 67 | B68: Garder | C68: Colle petit 500/1350 | D68: Colle petit 500/1350 | E68: Produits | F68: 335 | G68: 10 | J68: 10 | O68: =IF(AND(J68="",K68="",M68=""),"",IF(OR(AND(N(K68)>0,L68=""),AND(N(M68)>0,N68="")),"à compléter",N(J68)+N(K68)*N(L68)+N(M68)*N(N68))) -> 10
A69: 68 | B69: Retirer | C69: Colle Ultra | D69: Colle Ultra | E69: Produits | J69: 0 | O69: =IF(AND(J69="",K69="",M69=""),"",IF(OR(AND(N(K69)>0,L69=""),AND(N(M69)>0,N69="")),"à compléter",N(J69)+N(K69)*N(L69)+N(M69)*N(N69))) -> 0 | P69: Absent de la fiche : Maman dit de le retirer
A70: 69 | B70: Garder | C70: Coton petit | D70: Coton petit | E70: Produits | F70: 85 | G70: 44 | J70: 44 | O70: =IF(AND(J70="",K70="",M70=""),"",IF(OR(AND(N(K70)>0,L70=""),AND(N(M70)>0,N70="")),"à compléter",N(J70)+N(K70)*N(L70)+N(M70)*N(N70))) -> 44
A71: 70 | B71: Garder | C71: Crochet long | D71: Crochet long | E71: Produits | F71: 400 | G71: 28 | J71: 28 | O71: =IF(AND(J71="",K71="",M71=""),"",IF(OR(AND(N(K71)>0,L71=""),AND(N(M71)>0,N71="")),"à compléter",N(J71)+N(K71)*N(L71)+N(M71)*N(N71))) -> 28
A72: 71 | B72: Garder | C72: Crochet rasta 1 boue | D72: Crochet rasta 1 boue | E72: Produits | F72: 500 | G72: 41 | J72: 41 | O72: =IF(AND(J72="",K72="",M72=""),"",IF(OR(AND(N(K72)>0,L72=""),AND(N(M72)>0,N72="")),"à compléter",N(J72)+N(K72)*N(L72)+N(M72)*N(N72))) -> 41
A73: 72 | B73: Garder | C73: Crochet rasta à 2 bouches | D73: Crochet rasta à 2 bouches | E73: Produits | F73: 700 | G73: 28 | J73: 28 | O73: =IF(AND(J73="",K73="",M73=""),"",IF(OR(AND(N(K73)>0,L73=""),AND(N(M73)>0,N73="")),"à compléter",N(J73)+N(K73)*N(L73)+N(M73)*N(N73))) -> 28
A74: 73 | B74: Garder | C74: Crochet rasta à 3 bouches | D74: Crochet rasta à 3 bouches | E74: Produits | F74: 700 | G74: 06 | J74: 6 | O74: =IF(AND(J74="",K74="",M74=""),"",IF(OR(AND(N(K74)>0,L74=""),AND(N(M74)>0,N74="")),"à compléter",N(J74)+N(K74)*N(L74)+N(M74)*N(N74))) -> 6
A75: 74 | B75: Garder | C75: Crochet rose | D75: Crochet rose | E75: Produits | F75: 150 | G75: - | J75: 0 | O75: =IF(AND(J75="",K75="",M75=""),"",IF(OR(AND(N(K75)>0,L75=""),AND(N(M75)>0,N75="")),"à compléter",N(J75)+N(K75)*N(L75)+N(M75)*N(N75))) -> 0
A76: 75 | B76: Garder | C76: Crochet rose grand | D76: Crochet rose grand | E76: Produits | F76: 300 | G76: 20 | J76: 20 | O76: =IF(AND(J76="",K76="",M76=""),"",IF(OR(AND(N(K76)>0,L76=""),AND(N(M76)>0,N76="")),"à compléter",N(J76)+N(K76)*N(L76)+N(M76)*N(N76))) -> 20
A77: 76 | B77: Garder | C77: Dallas grand 3/4400 | D77: Dallas grand 3/4400 | E77: Produits | F77: 2000 | G77: 07 | J77: 7 | O77: =IF(AND(J77="",K77="",M77=""),"",IF(OR(AND(N(K77)>0,L77=""),AND(N(M77)>0,N77="")),"à compléter",N(J77)+N(K77)*N(L77)+N(M77)*N(N77))) -> 7
A78: 77 | B78: Garder | C78: Dallas moyen 3/2300 | D78: Dallas moyen 3/2300 | E78: Produits | F78: 1000 | G78: 17 | J78: 17 | O78: =IF(AND(J78="",K78="",M78=""),"",IF(OR(AND(N(K78)>0,L78=""),AND(N(M78)>0,N78="")),"à compléter",N(J78)+N(K78)*N(L78)+N(M78)*N(N78))) -> 17
A79: 78 | B79: Garder | C79: Dallas petit | D79: Dallas petit | E79: Produits | F79: 200 | G79: 48 | J79: 48 | O79: =IF(AND(J79="",K79="",M79=""),"",IF(OR(AND(N(K79)>0,L79=""),AND(N(M79)>0,N79="")),"à compléter",N(J79)+N(K79)*N(L79)+N(M79)*N(N79))) -> 48
A80: 79 | B80: Garder | C80: Dermatol | D80: Dermatol | E80: Produits | F80: 500 | G80: 00 | H80: 36 | J80: 36 | O80: =IF(AND(J80="",K80="",M80=""),"",IF(OR(AND(N(K80)>0,L80=""),AND(N(M80)>0,N80="")),"à compléter",N(J80)+N(K80)*N(L80)+N(M80)*N(N80))) -> 36
A81: 80 | B81: Garder | C81: Dissolvant grand | D81: Dissolvant grand | E81: Produits | F81: 1000 | G81: 02 | J81: 2 | O81: =IF(AND(J81="",K81="",M81=""),"",IF(OR(AND(N(K81)>0,L81=""),AND(N(M81)>0,N81="")),"à compléter",N(J81)+N(K81)*N(L81)+N(M81)*N(N81))) -> 2 | P81: Nouveau prix « (1200) » écrit à côté du nom
A82: 81 | B82: Garder | C82: Dissolvant petit | D82: Dissolvant petit | E82: Produits | F82: 200 | G82: 6dz7 | J82: 79 | O82: =IF(AND(J82="",K82="",M82=""),"",IF(OR(AND(N(K82)>0,L82=""),AND(N(M82)>0,N82="")),"à compléter",N(J82)+N(K82)*N(L82)+N(M82)*N(N82))) -> 79
A83: 82 | B83: Garder | C83: Elastique | D83: Elastique | E83: Produits | F83: 700 | G83: 14dz10 | H83: 4dz+46dz | J83: 778 | O83: =IF(AND(J83="",K83="",M83=""),"",IF(OR(AND(N(K83)>0,L83=""),AND(N(M83)>0,N83="")),"à compléter",N(J83)+N(K83)*N(L83)+N(M83)*N(N83))) -> 778 | P83: Confirmé par Maman
A84: 83 | B84: Garder | C84: Emballage | D84: Emballage | E84: Produits | F84: 500 | G84: 9dz3 | J84: 111 | O84: =IF(AND(J84="",K84="",M84=""),"",IF(OR(AND(N(K84)>0,L84=""),AND(N(M84)>0,N84="")),"à compléter",N(J84)+N(K84)*N(L84)+N(M84)*N(N84))) -> 111
A85: 84 | B85: Garder | C85: Faux cil complet | D85: Faux cil complet | E85: Produits | F85: 335 | G85: 17 | H85: 50 | J85: 67 | O85: =IF(AND(J85="",K85="",M85=""),"",IF(OR(AND(N(K85)>0,L85=""),AND(N(M85)>0,N85="")),"à compléter",N(J85)+N(K85)*N(L85)+N(M85)*N(N85))) -> 67
A86: 85 | B86: Garder | C86: Faux cil en boîte | D86: Faux cil en boîte | E86: Produits | F86: 1000 | G86: 03 | J86: 3 | O86: =IF(AND(J86="",K86="",M86=""),"",IF(OR(AND(N(K86)>0,L86=""),AND(N(M86)>0,N86="")),"à compléter",N(J86)+N(K86)*N(L86)+N(M86)*N(N86))) -> 3
A87: 86 | B87: Garder | C87: Faux cils cherry | D87: Faux cils cherry | E87: Produits | F87: 250 | G87: 2dz11 | J87: 35 | O87: =IF(AND(J87="",K87="",M87=""),"",IF(OR(AND(N(K87)>0,L87=""),AND(N(M87)>0,N87="")),"à compléter",N(J87)+N(K87)*N(L87)+N(M87)*N(N87))) -> 35
A88: 87 | B88: Garder | C88: Faux cils détail | D88: Faux cils détail | E88: Produits | F88: 335 | G88: 2dz6 | J88: 30 | O88: =IF(AND(J88="",K88="",M88=""),"",IF(OR(AND(N(K88)>0,L88=""),AND(N(M88)>0,N88="")),"à compléter",N(J88)+N(K88)*N(L88)+N(M88)*N(N88))) -> 30
A89: 88 | B89: Garder | C89: Fer à lisser grand | D89: Fer à lisser grand | E89: Produits | F89: 6000 | G89: 05 | J89: 5 | O89: =IF(AND(J89="",K89="",M89=""),"",IF(OR(AND(N(K89)>0,L89=""),AND(N(M89)>0,N89="")),"à compléter",N(J89)+N(K89)*N(L89)+N(M89)*N(N89))) -> 5
A90: 89 | B90: Garder | C90: Fer en peigne | D90: Fer en peigne | E90: Produits | F90: 6000 | G90: 01 | J90: 1 | O90: =IF(AND(J90="",K90="",M90=""),"",IF(OR(AND(N(K90)>0,L90=""),AND(N(M90)>0,N90="")),"à compléter",N(J90)+N(K90)*N(L90)+N(M90)*N(N90))) -> 1
A91: 90 | B91: Garder | C91: Fil Grand | D91: Fil Grand | E91: Produits | F91: 335 | G91: 19 | J91: 19 | O91: =IF(AND(J91="",K91="",M91=""),"",IF(OR(AND(N(K91)>0,L91=""),AND(N(M91)>0,N91="")),"à compléter",N(J91)+N(K91)*N(L91)+N(M91)*N(N91))) -> 19
A92: 91 | B92: Garder | C92: FIL Petit | D92: FIL Petit | E92: Produits | F92: 170 | G92: 25 | J92: 25 | O92: =IF(AND(J92="",K92="",M92=""),"",IF(OR(AND(N(K92)>0,L92=""),AND(N(M92)>0,N92="")),"à compléter",N(J92)+N(K92)*N(L92)+N(M92)*N(N92))) -> 25
A93: 92 | B93: Garder | C93: Filet bande | D93: Filet bande | E93: Produits | F93: 435 | G93: 12 | J93: 12 | O93: =IF(AND(J93="",K93="",M93=""),"",IF(OR(AND(N(K93)>0,L93=""),AND(N(M93)>0,N93="")),"à compléter",N(J93)+N(K93)*N(L93)+N(M93)*N(N93))) -> 12
A94: 93 | B94: Garder | C94: Filet closure demi | D94: Filet closure demi | E94: Produits | F94: 500 | G94: 07 | J94: 7 | O94: =IF(AND(J94="",K94="",M94=""),"",IF(OR(AND(N(K94)>0,L94=""),AND(N(M94)>0,N94="")),"à compléter",N(J94)+N(K94)*N(L94)+N(M94)*N(N94))) -> 7
A95: 94 | B95: Garder | C95: Filet closure petit | D95: Filet closure petit | E95: Produits | F95: 200 | G95: 20 | J95: 20 | O95: =IF(AND(J95="",K95="",M95=""),"",IF(OR(AND(N(K95)>0,L95=""),AND(N(M95)>0,N95="")),"à compléter",N(J95)+N(K95)*N(L95)+N(M95)*N(N95))) -> 20
A96: 95 | B96: Garder | C96: Filet naturel perruque closure | D96: Filet naturel perruque closure | E96: Produits | F96: 135 | G96: 5 | J96: 5 | O96: =IF(AND(J96="",K96="",M96=""),"",IF(OR(AND(N(K96)>0,L96=""),AND(N(M96)>0,N96="")),"à compléter",N(J96)+N(K96)*N(L96)+N(M96)*N(N96))) -> 5
A97: 96 | B97: Garder | C97: Filet perruque | D97: Filet perruque | E97: Produits | F97: 1000 | G97: 16dz5 | H97: 3dz | J97: 233 | O97: =IF(AND(J97="",K97="",M97=""),"",IF(OR(AND(N(K97)>0,L97=""),AND(N(M97)>0,N97="")),"à compléter",N(J97)+N(K97)*N(L97)+N(M97)*N(N97))) -> 233
A98: 97 | B98: Garder | C98: Filet soutien closure | D98: Filet soutien closure | E98: Produits | F98: 335 | G98: 78 | J98: 78 | O98: =IF(AND(J98="",K98="",M98=""),"",IF(OR(AND(N(K98)>0,L98=""),AND(N(M98)>0,N98="")),"à compléter",N(J98)+N(K98)*N(L98)+N(M98)*N(N98))) -> 78
A99: 98 | B99: Garder | C99: Filet soutien sans closure | D99: Filet soutien sans closure | E99: Produits | F99: 334 | G99: 19 | J99: 19 | O99: =IF(AND(J99="",K99="",M99=""),"",IF(OR(AND(N(K99)>0,L99=""),AND(N(M99)>0,N99="")),"à compléter",N(J99)+N(K99)*N(L99)+N(M99)*N(N99))) -> 19
A100: 99 | B100: Garder | C100: Filets chignons | D100: Filets chignons | E100: Produits | F100: 1000 | G100: 17dz5 | J100: 209 | O100: =IF(AND(J100="",K100="",M100=""),"",IF(OR(AND(N(K100)>0,L100=""),AND(N(M100)>0,N100="")),"à compléter",N(J100)+N(K100)*N(L100)+N(M100)*N(N100))) -> 209
A101: 100 | B101: Garder | C101: Fleur de baptême | D101: Fleur de baptême | E101: Produits | F101: 434 | G101: - | J101: 0 | O101: =IF(AND(J101="",K101="",M101=""),"",IF(OR(AND(N(K101)>0,L101=""),AND(N(M101)>0,N101="")),"à compléter",N(J101)+N(K101)*N(L101)+N(M101)*N(N101))) -> 0
A102: 101 | B102: Garder | C102: Garde cheveux | D102: Garde cheveux | E102: Produits | F102: 1000 | G102: - | J102: 0 | O102: =IF(AND(J102="",K102="",M102=""),"",IF(OR(AND(N(K102)>0,L102=""),AND(N(M102)>0,N102="")),"à compléter",N(J102)+N(K102)*N(L102)+N(M102)*N(N102))) -> 0
A103: 102 | B103: Garder | C103: Gel pétal grand | D103: Gel pétal grand | E103: Produits | F103: 665 | G103: 06 | J103: 6 | O103: =IF(AND(J103="",K103="",M103=""),"",IF(OR(AND(N(K103)>0,L103=""),AND(N(M103)>0,N103="")),"à compléter",N(J103)+N(K103)*N(L103)+N(M103)*N(N103))) -> 6
A104: 103 | B104: Garder | C104: Gel pétales blancs | D104: Gel pétales blancs | E104: Produits | F104: 125 | G104: - | J104: 0 | O104: =IF(AND(J104="",K104="",M104=""),"",IF(OR(AND(N(K104)>0,L104=""),AND(N(M104)>0,N104="")),"à compléter",N(J104)+N(K104)*N(L104)+N(M104)*N(N104))) -> 0
A105: 104 | B105: Garder | C105: Gel pétals moyen | D105: Gel pétals moyen | E105: Produits | F105: 200 | G105: - | J105: 0 | O105: =IF(AND(J105="",K105="",M105=""),"",IF(OR(AND(N(K105)>0,L105=""),AND(N(M105)>0,N105="")),"à compléter",N(J105)+N(K105)*N(L105)+N(M105)*N(N105))) -> 0
A106: 105 | B106: Garder | C106: Gel pétals petit | D106: Gel pétals petit | E106: Produits | F106: 125 | G106: 42 | J106: 42 | O106: =IF(AND(J106="",K106="",M106=""),"",IF(OR(AND(N(K106)>0,L106=""),AND(N(M106)>0,N106="")),"à compléter",N(J106)+N(K106)*N(L106)+N(M106)*N(N106))) -> 42
A107: 106 | B107: Garder | C107: Geleco Eko | D107: Geleco Eko | E107: Produits | F107: 1500 | G107: 03 | J107: 3 | O107: =IF(AND(J107="",K107="",M107=""),"",IF(OR(AND(N(K107)>0,L107=""),AND(N(M107)>0,N107="")),"à compléter",N(J107)+N(K107)*N(L107)+N(M107)*N(N107))) -> 3
A108: 107 | B108: Garder | C108: Gomme | D108: Gomme | E108: Produits | F108: 1000 | G108: 02 | H108: 10 | J108: 12 | O108: =IF(AND(J108="",K108="",M108=""),"",IF(OR(AND(N(K108)>0,L108=""),AND(N(M108)>0,N108="")),"à compléter",N(J108)+N(K108)*N(L108)+N(M108)*N(N108))) -> 12
A109: 108 | B109: Garder | C109: Huile Luodais | D109: Huile Luodais | E109: Produits | F109: 1000 | G109: 04 | J109: 4 | O109: =IF(AND(J109="",K109="",M109=""),"",IF(OR(AND(N(K109)>0,L109=""),AND(N(M109)>0,N109="")),"à compléter",N(J109)+N(K109)*N(L109)+N(M109)*N(N109))) -> 4
A110: 109 | B110: Garder | C110: Huile Luôdaïs carton | D110: Huile Luôdaïs carton | E110: Produits | F110: 1000 | G110: 14 | J110: 14 | O110: =IF(AND(J110="",K110="",M110=""),"",IF(OR(AND(N(K110)>0,L110=""),AND(N(M110)>0,N110="")),"à compléter",N(J110)+N(K110)*N(L110)+N(M110)*N(N110))) -> 14
A111: 110 | B111: Garder | C111: Huile Luodoïs au lait | D111: Huile Luodoïs au lait | E111: Produits | F111: 1000 | G111: 06 | J111: 6 | O111: =IF(AND(J111="",K111="",M111=""),"",IF(OR(AND(N(K111)>0,L111=""),AND(N(M111)>0,N111="")),"à compléter",N(J111)+N(K111)*N(L111)+N(M111)*N(N111))) -> 6
A112: 111 | B112: Garder | C112: Huile naturel | D112: Huile naturel | E112: Produits | F112: 1200 | G112: 12 | J112: 12 | O112: =IF(AND(J112="",K112="",M112=""),"",IF(OR(AND(N(K112)>0,L112=""),AND(N(M112)>0,N112="")),"à compléter",N(J112)+N(K112)*N(L112)+N(M112)*N(N112))) -> 12
A113: 112 | B113: Garder | C113: Huile Xpression | D113: Huile Xpression | E113: Produits | F113: 1000 | G113: 12 | J113: 12 | O113: =IF(AND(J113="",K113="",M113=""),"",IF(OR(AND(N(K113)>0,L113=""),AND(N(M113)>0,N113="")),"à compléter",N(J113)+N(K113)*N(L113)+N(M113)*N(N113))) -> 12
A114: 113 | B114: Garder | C114: King fa | D114: King fa | E114: Produits | F114: 800 | G114: 10 | J114: 10 | O114: =IF(AND(J114="",K114="",M114=""),"",IF(OR(AND(N(K114)>0,L114=""),AND(N(M114)>0,N114="")),"à compléter",N(J114)+N(K114)*N(L114)+N(M114)*N(N114))) -> 10
A115: 114 | B115: Garder | C115: Lac à huile | D115: Lac à huile | E115: Produits | F115: 1600 | G115: 20 | J115: 20 | O115: =IF(AND(J115="",K115="",M115=""),"",IF(OR(AND(N(K115)>0,L115=""),AND(N(M115)>0,N115="")),"à compléter",N(J115)+N(K115)*N(L115)+N(M115)*N(N115))) -> 20
A116: 115 | B116: Garder | C116: like à huile petit | D116: like à huile petit | E116: Produits | F116: 800 | G116: 22 | J116: 22 | O116: =IF(AND(J116="",K116="",M116=""),"",IF(OR(AND(N(K116)>0,L116=""),AND(N(M116)>0,N116="")),"à compléter",N(J116)+N(K116)*N(L116)+N(M116)*N(N116))) -> 22
A117: 116 | B117: Garder | C117: Like à mousse Grand | D117: Like à mousse Grand | E117: Produits | F117: 1600 | G117: 14 | J117: 14 | O117: =IF(AND(J117="",K117="",M117=""),"",IF(OR(AND(N(K117)>0,L117=""),AND(N(M117)>0,N117="")),"à compléter",N(J117)+N(K117)*N(L117)+N(M117)*N(N117))) -> 14
A118: 117 | B118: Garder | C118: Like à mousse petit | D118: Like à mousse petit | E118: Produits | F118: 800 | G118: 24 | J118: 24 | O118: =IF(AND(J118="",K118="",M118=""),"",IF(OR(AND(N(K118)>0,L118=""),AND(N(M118)>0,N118="")),"à compléter",N(J118)+N(K118)*N(L118)+N(M118)*N(N118))) -> 24
...
