Workbook

Sheet Mode d'emploi
A1: Import du stock MÈCHES — fiche papier (5 pages)
A3: Prix : même prix en gros et en détail (confirmé par Maman).
A4: Couleurs : ORANGE = raturé, surchargé ou nom à confirmer → vérifier avec Maman et corriger. JAUNE = prix manquant. BLEU = renommé ou ajouté.
A5: Règles : chiffre seul = unités ; 1 dz = 12 ; « - » = 0 ; case vide = 0 (à confirmer).
A6: La colonne « Prix sur la fiche » contient le prix écrit sur la fiche (avec les corrections de Maman au stylo bleu).
A7: Pour corriger un stock ou une entrée : modifier les colonnes J (Stock en unités) et K (Entrées en unités). Le STOCK FINAL se recalcule.
A9: Résumé :
A10: Articles au total | B10: =COUNTA('Import mèches'!D2:D161) -> 160
A11: Articles ajoutés | B11: =COUNTIF('Import mèches'!B2:B161,"Ajouter") -> 45
A12: Articles renommés | B12: =COUNTIF('Import mèches'!B2:B161,"Renommer") -> 11
A13: Stock total (unités) | B13: =SUM('Import mèches'!L2:L161) -> 1072
A14: Prix manquants | B14: =COUNTBLANK('Import mèches'!G2:G161) -> 10

Sheet Import mèches
A1: N° | B1: Action | C1: Nom actuel (app) | D1: Nom final | E1: Catégorie | F1: Prix actuel app (F) | G1: Prix gros = détail (F) | H1: Stock écrit | I1: Entrées écrites | J1: Stock (unités) | K1: Entrées (unités) | L1: STOCK FINAL | M1: À vérifier
A2: 1 | B2: Garder | C2: 4 flowers | D2: 4 flowers | E2: Mèches | F2: 1400 | G2: 1500 | H2: 04 | J2: 4 | K2: 0 | L2: =J2+K2 -> 4 | M2: Prix changé : 1400 → 1500
A3: 2 | B3: Renommer | C3: 4pcs | D3: AFRO-B | E3: Mèches | F3: 3000 | G3: 3000 | H3: 00 | I3: 12 | J3: 0 | K3: 12 | L3: =J3+K3 -> 12 | M3: « 4pcs » barré, remplacé par « AFRO-B »
A4: 3 | B4: Garder | C4: 8 amies amaka | D4: 8 amies amaka | E4: Mèches | F4: 1500 | G4: 1500 | H4: 00 | J4: 0 | K4: 0 | L4: =J4+K4 -> 0
A5: 4 | B5: Garder | C5: Active | D5: Active | E5: Mèches | F5: 2200 | G5: 2200 | H5: (vide) | J5: 0 | K5: 0 | L5: =J5+K5 -> 0 | M5: Case stock vide sur la fiche (compté 0)
A6: 5 | B6: Garder | C6: Adorable | D6: Adorable | E6: Mèches | F6: 5000 | G6: 5000 | H6: (vide) | J6: 0 | K6: 0 | L6: =J6+K6 -> 0 | M6: Case stock vide sur la fiche (compté 0)
A7: 6 | B7: Garder | C7: Afro pondo grd | D7: Afro pondo grd | E7: Mèches | F7: 1335 | G7: 1700 | H7: 15 | J7: 15 | K7: 0 | L7: =J7+K7 -> 15 | M7: Prix changé : 1335 → 1700
A8: 7 | B8: Garder | C8: Amanda | D8: Amanda | E8: Mèches | F8: 1670 | G8: 2000 | H8: 04 | J8: 4 | K8: 0 | L8: =J8+K8 -> 4 | M8: Prix changé : 1670 → 2000
A9: 8 | B9: Garder | C9: ANI Spring | D9: ANI Spring | E9: Mèches | F9: 3500 | G9: 3500 | H9: 05 | J9: 5 | K9: 0 | L9: =J9+K9 -> 5
A10: 9 | B10: Garder | C10: Ari-C | D10: Ari-C | E10: Mèches | F10: 3000 | G10: 3000 | H10: 02 | J10: 2 | K10: 0 | L10: =J10+K10 -> 2
A11: 10 | B11: Garder | C11: Bamba plus grand | D11: Bamba plus grand | E11: Mèches | F11: 4500 | G11: 4500 | H11: - | J11: 0 | K11: 0 | L11: =J11+K11 -> 0
A12: 11 | B12: Garder | C12: Bella | D12: Bella | E12: Mèches | F12: 2500 | G12: 2500 | H12: - | J12: 0 | K12: 0 | L12: =J12+K12 -> 0
A13: 12 | B13: Garder | C13: Boho water culy | D13: Boho water culy | E13: Mèches | F13: 2000 | G13: 2200 | H13: 05 | J13: 5 | K13: 0 | L13: =J13+K13 -> 5 | M13: Prix changé : 2000 → 2200
A14: 13 | B14: Garder | C14: Bomba plus | D14: Bomba plus | E14: Mèches | F14: 2800 | G14: 2800 | H14: 02 | J14: 2 | K14: 0 | L14: =J14+K14 -> 2
A15: 14 | B15: Garder | C15: Bon-street | D15: Bon-street | E15: Mèches | F15: 2000 | G15: 2000 | H15: 02 | J15: 2 | K15: 0 | L15: =J15+K15 -> 2
A16: 15 | B16: Garder | C16: Bounce | D16: Bounce | E16: Mèches | F16: 1600 | G16: 1600 | H16: - | J16: 0 | K16: 0 | L16: =J16+K16 -> 0
A17: 16 | B17: Garder | C17: Bouncy kinky | D17: Bouncy kinky | E17: Mèches | F17: 2000 | G17: 2200 | H17: 36 | J17: 36 | K17: 0 | L17: =J17+K17 -> 36 | M17: Prix changé : 2000 → 2200
A18: 17 | B18: Garder | C18: Brillant | D18: Brillant | E18: Mèches | F18: 2000 | G18: 2000 | H18: - | J18: 0 | K18: 0 | L18: =J18+K18 -> 0
A19: 18 | B19: Garder | C19: Burtherfly twist grd | D19: Burtherfly twist grd | E19: Mèches | F19: 4000 | G19: 4000 | H19: 02 | J19: 2 | K19: 0 | L19: =J19+K19 -> 2
A20: 19 | B20: Garder | C20: Butterfly twist pt | D20: Butterfly twist pt | E20: Mèches | F20: 3500 | G20: 3500 | H20: 02 | J20: 2 | K20: 0 | L20: =J20+K20 -> 2
A21: 20 | B21: Garder | C21: Celina locs | D21: Celina locs | E21: Mèches | F21: 4000 | G21: 4000 | H21: - | J21: 0 | K21: 0 | L21: =J21+K21 -> 0
A22: 21 | B22: Garder | C22: Ceres | D22: Ceres | E22: Mèches | F22: 1400 | G22: 1500 | H22: 52 | J22: 52 | K22: 0 | L22: =J22+K22 -> 52 | M22: Prix changé : 1400 → 1500
A23: 22 | B23: Garder | C23: Chery | D23: Chery | E23: Mèches | F23: 5500 | G23: 6000 | H23: - | J23: 0 | K23: 0 | L23: =J23+K23 -> 0 | M23: Prix changé : 5500 → 6000
A24: 23 | B24: Garder | C24: Clara tissage | D24: Clara tissage | E24: Mèches | F24: 9000 | G24: 9000 | H24: 01 | J24: 1 | K24: 0 | L24: =J24+K24 -> 1
A25: 24 | B25: Garder | C25: Closure | D25: Closure | E25: Mèches | F25: 2500 | G25: 2500 | H25: 01 | J25: 1 | K25: 0 | L25: =J25+K25 -> 1
A26: 25 | B26: Garder | C26: Corde noir | D26: Corde noir | E26: Mèches | F26: 500 | G26: 500 | H26: 22dz5 | J26: 269 | K26: 0 | L26: =J26+K26 -> 269
A27: 26 | B27: Renommer | C27: Corde noir1500 Baby | D27: Corde noir Baby (douzaine) | E27: Mèches | F27: 170 | G27: 2500 | H27: 5 | J27: 5 | K27: 0 | L27: =J27+K27 -> 5 | M27: Vendu à la douzaine (2500 F) : stock 5 douzaines ; les 4 pièces restantes sont sur la ligne « Corde noir Baby (pièce) » Prix changé : 170 → 2500
A28: 27 | B28: Garder | C28: Cozi original | D28: Cozi original | E28: Mèches | F28: 1170 | G28: 1170 | H28: (vide) | J28: 0 | K28: 0 | L28: =J28+K28 -> 0 | M28: Case stock vide sur la fiche (compté 0)
A29: 28 | B29: Garder | C29: Cozy vert pt | D29: Cozy vert pt | E29: Mèches | F29: 1170 | G29: 1170 | H29: 16 | J29: 16 | K29: 0 | L29: =J29+K29 -> 16
A30: 29 | B30: Garder | C30: Cro chili locs | D30: Cro chili locs | E30: Mèches | G30: 3000 | H30: 01 | J30: 1 | K30: 0 | L30: =J30+K30 -> 1
A31: 30 | B31: Garder | C31: Cro elim | D31: Cro elim | E31: Mèches | F31: 3500 | G31: 3500 | H31: 06 | J31: 6 | K31: 0 | L31: =J31+K31 -> 6
A32: 31 | B32: Renommer | C32: Cro Full pock | D32: Cro Braiden | E32: Mèches | F32: 3500 | G32: 3500 | I32: 02 | J32: 0 | K32: 2 | L32: =J32+K32 -> 2 | M32: « Full pock » barré → « Braiden »
A33: 32 | B33: Renommer | C33: Cro gini | D33: Cro Zara | E33: Mèches | F33: 5000 | G33: 5000 | I33: 03 | J33: 0 | K33: 3 | L33: =J33+K33 -> 3 | M33: « gint » barré → « Zara »
A34: 33 | B34: Renommer | C34: Cro lulu | D34: Cro Summer locs | E34: Mèches | F34: 3500 | G34: 3500 | I34: 04 | J34: 0 | K34: 4 | L34: =J34+K34 -> 4 | M34: « lulu » barré → « Summer locs »
A35: 34 | B35: Garder | C35: Cro sultant | D35: Cro sultant | E35: Mèches | F35: 4000 | G35: 4000 | H35: 00 | J35: 0 | K35: 0 | L35: =J35+K35 -> 0
A36: 35 | B36: Garder | C36: Cro unique | D36: Cro unique | E36: Mèches | F36: 3800 | G36: 3800 | H36: 02 | J36: 2 | K36: 0 | L36: =J36+K36 -> 2
A37: 36 | B37: Garder | C37: Cro vill dread | D37: Cro vill dread | E37: Mèches | F37: 3000 | G37: 3000 | H37: 02 | J37: 2 | K37: 0 | L37: =J37+K37 -> 2
A38: 37 | B38: Renommer | C38: Cro-baby | D38: Banny | E38: Mèches | F38: 5000 | G38: 5000 | H38: 01 | J38: 1 | K38: 0 | L38: =J38+K38 -> 1
A39: 38 | B39: Garder | C39: Crochet Aviv churk | D39: Crochet Aviv churk | E39: Mèches | F39: 2500 | G39: 2500 | H39: 01 | J39: 1 | K39: 0 | L39: =J39+K39 -> 1
A40: 39 | B40: Renommer | C40: Crochet culy twit braid | D40: Crochet Miya braid | E40: Mèches | F40: 1800 | G40: 1800 | H40: 00 | I40: 02 | J40: 0 | K40: 2 | L40: =J40+K40 -> 2
A41: 40 | B41: Garder | C41: Crochet Liz twist | D41: Crochet Liz twist | E41: Mèches | F41: 4500 | G41: 4500 | H41: 01 | J41: 1 | K41: 0 | L41: =J41+K41 -> 1
A42: 41 | B42: Renommer | C42: Crochet max locs | D42: Crochet Celina locs | E42: Mèches | F42: 5000 | G42: 5000 | H42: - | I42: 04 | J42: 0 | K42: 4 | L42: =J42+K42 -> 4
A43: 42 | B43: Renommer | C43: Crochet pristine | D43: Crochet Froyal | E43: Mèches | G43: 2500 | H43: - | I43: 03 | J43: 0 | K43: 3 | L43: =J43+K43 -> 3
A44: 43 | B44: Garder | C44: Crochet shasha | D44: Crochet shasha | E44: Mèches | F44: 3800 | G44: 3800 | H44: 11 | J44: 11 | K44: 0 | L44: =J44+K44 -> 11
A45: 44 | B45: Garder | C45: Croflout locs plus | D45: Croflout locs plus | E45: Mèches | F45: 4800 | G45: 4800 | H45: 03 | J45: 3 | K45: 0 | L45: =J45+K45 -> 3
A46: 45 | B46: Garder | C46: Cro-meg | D46: Cro-meg | E46: Mèches | F46: 5000 | G46: 5000 | H46: 04 | J46: 4 | K46: 0 | L46: =J46+K46 -> 4
A47: 46 | B47: Garder | C47: Cully boby | D47: Cully boby | E47: Mèches | F47: 4000 | G47: 4000 | I47: 4 | J47: 0 | K47: 4 | L47: =J47+K47 -> 4
A48: 47 | B48: Garder | C48: Curly braid | D48: Curly braid | E48: Mèches | F48: 3500 | G48: 3500 | H48: (vide) | J48: 0 | K48: 0 | L48: =J48+K48 -> 0 | M48: Case stock vide sur la fiche (compté 0)
A49: 48 | B49: Garder | C49: Dada locs | D49: Dada locs | E49: Mèches | F49: 3500 | G49: 3500 | I49: 03 | J49: 0 | K49: 3 | L49: =J49+K49 -> 3
A50: 49 | B50: Garder | C50: Daniela sublime | D50: Daniela sublime | E50: Mèches | F50: 1670 | G50: 1670 | H50: 06 | J50: 6 | K50: 0 | L50: =J50+K50 -> 6
A51: 50 | B51: Garder | C51: Daniella | D51: Daniella | E51: Mèches | F51: 1500 | G51: 1500 | H51: 22 | J51: 22 | K51: 0 | L51: =J51+K51 -> 22
A52: 51 | B52: Garder | C52: Daniellax2 | D52: Daniellax2 | E52: Mèches | F52: 2000 | G52: 2000 | H52: 05 | J52: 5 | K52: 0 | L52: =J52+K52 -> 5
A53: 52 | B53: Garder | C53: Deep weave | D53: Deep weave | E53: Mèches | F53: 2500 | G53: 2500 | H53: 05 | J53: 5 | K53: 0 | L53: =J53+K53 -> 5
A54: 53 | B54: Garder | C54: Dejava | D54: Dejava | E54: Mèches | F54: 1800 | G54: 1800 | H54: 04 | J54: 4 | K54: 0 | L54: =J54+K54 -> 4
A55: 54 | B55: Garder | C55: Deluxe | D55: Deluxe | E55: Mèches | F55: 4000 | G55: 4000 | H55: - | J55: 0 | K55: 0 | L55: =J55+K55 -> 0
A56: 55 | B56: Garder | C56: Diva | D56: Diva | E56: Mèches | F56: 3500 | G56: 3500 | H56: 01 | J56: 1 | K56: 0 | L56: =J56+K56 -> 1
A57: 56 | B57: Garder | C57: Duoz postige long | D57: Duoz postige long | E57: Mèches | F57: 2700 | G57: 2700 | H57: 08 | J57: 8 | K57: 0 | L57: =J57+K57 -> 8
A58: 57 | B58: Garder | C58: Durable | D58: Durable | E58: Mèches | F58: 6500 | G58: 6500 | H58: 01 | I58: 02 | J58: 1 | K58: 2 | L58: =J58+K58 -> 3
A59: 58 | B59: Garder | C59: Eunix Mini twist Sénégal | D59: Eunix Mini twist Sénégal | E59: Mèches | F59: 3000 | G59: 3000 | H59: - | J59: 0 | K59: 0 | L59: =J59+K59 -> 0
A60: 59 | B60: Renommer | C60: Everlove | D60: Gold Afro braid | E60: Mèches | F60: 4000 | G60: 4000 | H60: - | I60: 06 | J60: 0 | K60: 6 | L60: =J60+K60 -> 6
A61: 60 | B61: Garder | C61: Faux mèche | D61: Faux mèche | E61: Mèches | F61: 335 | G61: 335 | H61: 13 | J61: 13 | K61: 0 | L61: =J61+K61 -> 13
A62: 61 | B62: Garder | C62: Filipino | D62: Filipino | E62: Mèches | F62: 7500 | G62: 7500 | H62: 00 | I62: 02 | J62: 0 | K62: 2 | L62: =J62+K62 -> 2
A63: 62 | B63: Garder | C63: Flower | D63: Flower | E63: Mèches | F63: 4000 | G63: 4000 | H63: 02 | J63: 2 | K63: 0 | L63: =J63+K63 -> 2
A64: 63 | B64: Garder | C64: Forever | D64: Forever | E64: Mèches | F64: 1500 | G64: 1500 | H64: 4 | J64: 4 | K64: 0 | L64: =J64+K64 -> 4
A65: 64 | B65: Renommer | C65: Frenche culy | D65: Petit mèche sachet | E65: Mèches | F65: 2500 | G65: 2500 | H65: 03 | J65: 3 | K65: 0 | L65: =J65+K65 -> 3
A66: 65 | B66: Garder | C66: Frontal naturel | D66: Frontal naturel | E66: Mèches | F66: 6500 | G66: 6500 | H66: (vide) | J66: 0 | K66: 0 | L66: =J66+K66 -> 0 | M66: Case stock vide sur la fiche (compté 0)
A67: 66 | B67: Garder | C67: Frontal synthétique | D67: Frontal synthétique | E67: Mèches | F67: 2500 | G67: 2500 | H67: (vide) | J67: 0 | K67: 0 | L67: =J67+K67 -> 0 | M67: Case stock vide sur la fiche (compté 0)
A68: 67 | B68: Garder | C68: Funky | D68: Funky | E68: Mèches | F68: 1500 | G68: 1500 | H68: 01 | J68: 1 | K68: 0 | L68: =J68+K68 -> 1
A69: 68 | B69: Garder | C69: Générous | D69: Générous | E69: Mèches | F69: 1666 | G69: 1666 | H69: 11 | J69: 11 | K69: 0 | L69: =J69+K69 -> 11
A70: 69 | B70: Garder | C70: Havana | D70: Havana | E70: Mèches | F70: 3500 | G70: 4000 | H70: 08 | J70: 8 | K70: 0 | L70: =J70+K70 -> 8 | M70: Prix changé : 3500 → 4000
A71: 70 | B71: Garder | C71: Invisible locs | D71: Invisible locs | E71: Mèches | F71: 3500 | G71: 3500 | H71: 02 | J71: 2 | K71: 0 | L71: =J71+K71 -> 2
A72: 71 | B72: Garder | C72: Janet | D72: Janet | E72: Mèches | F72: 1335 | G72: 1500 | H72: 19 | J72: 19 | K72: 0 | L72: =J72+K72 -> 19 | M72: Prix changé : 1335 → 1500
A73: 72 | B73: Garder | C73: Jino | D73: Jino | E73: Mèches | F73: 1000 | G73: 1000 | I73: 18 | J73: 0 | K73: 18 | L73: =J73+K73 -> 18
A74: 73 | B74: Garder | C74: Leine | D74: Leine | E74: Mèches | F74: 933 | G74: 1000 | H74: 21 | I74: 10 | J74: 21 | K74: 10 | L74: =J74+K74 -> 31 | M74: Prix changé : 933 → 1000
A75: 74 | B75: Garder | C75: locs star | D75: locs star | E75: Mèches | F75: 3800 | G75: 3800 | H75: 02 | J75: 2 | K75: 0 | L75: =J75+K75 -> 2
A76: 75 | B76: Garder | C76: Lx Hair | D76: Lx Hair | E76: Mèches | F76: 2500 | G76: 2500 | H76: 02 | J76: 2 | K76: 0 | L76: =J76+K76 -> 2
A77: 76 | B77: Garder | C77: Lydia | D77: Lydia | E77: Mèches | F77: 6000 | G77: 6000 | H77: (vide) | J77: 0 | K77: 0 | L77: =J77+K77 -> 0 | M77: Case stock vide sur la fiche (compté 0)
A78: 77 | B78: Garder | C78: Mama christabelle | D78: Mama christabelle | E78: Mèches | F78: 2000 | G78: 2000 | H78: (vide) | J78: 0 | K78: 0 | L78: =J78+K78 -> 0 | M78: Case stock vide sur la fiche (compté 0)
A79: 78 | B79: Garder | C79: Mini beauterflive | D79: Mini beauterflive | E79: Mèches | F79: 4000 | G79: 4000 | H79: (vide) | J79: 0 | K79: 0 | L79: =J79+K79 -> 0 | M79: Case stock vide sur la fiche (compté 0)
A80: 79 | B80: Garder | C80: Modern Queen | D80: Modern Queen | E80: Mèches | F80: 4000 | G80: 4000 | H80: 00 | J80: 0 | K80: 0 | L80: =J80+K80 -> 0
A81: 80 | B81: Garder | C81: Multi | D81: Multi | E81: Mèches | F81: 935 | G81: 1000 | H81: 89 | J81: 89 | K81: 0 | L81: =J81+K81 -> 89 | M81: Prix changé : 935 → 1000
A82: 81 | B82: Garder | C82: Natural | D82: Natural | E82: Mèches | F82: 1500 | G82: 1800 | H82: 01 | J82: 1 | K82: 0 | L82: =J82+K82 -> 1 | M82: Prix changé : 1500 → 1800
A83: 82 | B83: Garder | C83: Natural twist grand | D83: Natural twist grand | E83: Mèches | F83: 3500 | G83: 3500 | H83: 00 | J83: 0 | K83: 0 | L83: =J83+K83 -> 0
A84: 83 | B84: Garder | C84: Natural twist petit | D84: Natural twist petit | E84: Mèches | F84: 2500 | G84: 2500 | H84: - | J84: 0 | K84: 0 | L84: =J84+K84 -> 0
A85: 84 | B85: Garder | C85: Next bulk | D85: Next bulk | E85: Mèches | F85: 1670 | G85: 1670 | H85: - | J85: 0 | K85: 0 | L85: =J85+K85 -> 0
A86: 85 | B86: Garder | C86: Olori | D86: Olori | E86: Mèches | F86: 3500 | G86: 3500 | H86: - | J86: 0 | K86: 0 | L86: =J86+K86 -> 0
A87: 86 | B87: Garder | C87: Ondulet grd | D87: Ondulet grd | E87: Mèches | F87: 1670 | G87: 2000 | H87: 03 | J87: 3 | K87: 0 | L87: =J87+K87 -> 3 | M87: Prix changé : 1670 → 2000
A88: 87 | B88: Garder | C88: Passion twist | D88: Passion twist | E88: Mèches | F88: 2200 | G88: 2200 | H88: - | J88: 0 | K88: 0 | L88: =J88+K88 -> 0
A89: 88 | B89: Garder | C89: Passion twist riche | D89: Passion twist riche | E89: Mèches | F89: 3500 | G89: 3500 | H89: 02 | J89: 2 | K89: 0 | L89: =J89+K89 -> 2
A90: 89 | B90: Garder | C90: Pop braid | D90: Pop braid | E90: Mèches | F90: 3200 | G90: 3200 | H90: - | J90: 0 | K90: 0 | L90: =J90+K90 -> 0
A91: 90 | B91: Garder | C91: Princess locs | D91: Princess locs | E91: Mèches | F91: 4000 | G91: 4000 | H91: 01 | J91: 1 | K91: 0 | L91: =J91+K91 -> 1
A92: 91 | B92: Garder | C92: Queen et Girl | D92: Queen et Girl | E92: Mèches | F92: 5500 | G92: 5500 | H92: 01 | J92: 1 | K92: 0 | L92: =J92+K92 -> 1
A93: 92 | B93: Garder | C93: Remy | D93: Remy | E93: Mèches | F93: 2200 | G93: 2000 | H93: 12 | J93: 12 | K93: 0 | L93: =J93+K93 -> 12 | M93: Prix changé : 2200 → 2000
A94: 93 | B94: Garder | C94: Rose mary | D94: Rose mary | E94: Mèches | F94: 1835 | G94: 2000 | H94: 21 | J94: 21 | K94: 0 | L94: =J94+K94 -> 21 | M94: Prix changé : 1835 → 2000
A95: 94 | B95: Garder | C95: Sara | D95: Sara | E95: Mèches | F95: 5000 | G95: 5000 | H95: 01 | J95: 1 | K95: 0 | L95: =J95+K95 -> 1
A96: 95 | B96: Garder | C96: Sénégalais OROBO | D96: Sénégalais OROBO | E96: Mèches | F96: 3000 | G96: 3000 | H96: 01 | J96: 1 | K96: 0 | L96: =J96+K96 -> 1
A97: 96 | B97: Garder | C97: Shary | D97: Shary | E97: Mèches | F97: 1500 | G97: 1500 | H97: 10 | J97: 10 | K97: 0 | L97: =J97+K97 -> 10
A98: 97 | B98: Garder | C98: Spring | D98: Spring | E98: Mèches | F98: 3500 | G98: 3500 | H98: (vide) | J98: 0 | K98: 0 | L98: =J98+K98 -> 0 | M98: Case stock vide sur la fiche (compté 0)
A99: 98 | B99: Garder | C99: Sublime kinky | D99: Sublime kinky | E99: Mèches | H99: (vide) | J99: 0 | K99: 0 | L99: =J99+K99 -> 0 | M99: Case stock vide sur la fiche (compté 0)
A100: 99 | B100: Garder | C100: Super twist | D100: Super twist | E100: Mèches | F100: 4500 | G100: 4500 | H100: 03 | J100: 3 | K100: 0 | L100: =J100+K100 -> 3
...
